compra_id,fecha,fecha_mes,proveedor_id,producto_id,cantidad,costo_unitario,costo_total,lead_time_dias
OC000001,2023-01-23,2023-01-01,PROV007,PROD004,4144.44,27.07,112189.99,21
OC000002,2023-01-21,2023-01-01,PROV002,PROD001,5185.71,23.03,119426.9,20
OC000003,2023-01-15,2023-01-01,PROV008,PROD009,1195.99,266.1,318252.94,14
OC000004,2023-01-09,2023-01-01,PROV011,PROD013,270.44,174.77,47264.8,7
OC000005,2023-01-12,2023-01-01,PROV009,PROD001,6745.87,23.7,159877.12,18
OC000006,2023-01-21,2023-01-01,PROV009,PROD004,2316.72,24.09,55809.78,21
OC000007,2023-01-16,2023-01-01,PROV007,PROD007,2161.24,25.82,55803.22,5
OC000008,2023-01-06,2023-01-01,PROV008,PROD025,98.88,18.16,1795.66,11
OC000009,2023-01-04,2023-01-01,PROV012,PROD016,164.92,269.39,44427.8,37
OC000010,2023-01-06,2023-01-01,PROV004,PROD019,346.06,32.6,11281.56,7
OC000011,2023-01-05,2023-01-01,PROV012,PROD020,439.53,29.69,13049.65,57
OC000012,2023-01-18,2023-01-01,PROV003,PROD009,757.07,257.72,195112.08,18
OC000013,2023-01-02,2023-01-01,PROV006,PROD021,835.26,41.06,34295.78,6
OC000014,2023-01-03,2023-01-01,PROV008,PROD010,1553.14,226.68,352065.78,21
OC000015,2023-01-22,2023-01-01,PROV008,PROD009,1255.77,243.15,305340.48,11
OC000016,2023-01-03,2023-01-01,PROV002,PROD005,3058.45,28.61,87502.25,9
OC000017,2023-01-13,2023-01-01,PROV001,PROD008,3016.66,19.54,58945.54,27
OC000018,2023-01-24,2023-01-01,PROV009,PROD006,2276.56,20.55,46783.31,12
OC000019,2023-01-16,2023-01-01,PROV008,PROD021,426.26,44.14,18815.12,5
OC000020,2023-01-23,2023-01-01,PROV002,PROD012,156.73,301.69,47283.87,27
OC000021,2023-01-21,2023-01-01,PROV005,PROD016,264.55,284.0,75132.2,25
OC000022,2023-01-23,2023-01-01,PROV006,PROD015,159.88,215.53,34458.94,8
OC000023,2023-01-16,2023-01-01,PROV005,PROD025,169.36,16.3,2760.57,53
OC000024,2023-01-14,2023-01-01,PROV001,PROD021,879.81,42.54,37427.12,19
OC000025,2023-01-19,2023-01-01,PROV007,PROD015,539.25,236.25,127397.81,10
OC000026,2023-01-01,2023-01-01,PROV002,PROD004,3735.67,26.72,99817.1,25
OC000027,2023-02-05,2023-02-01,PROV007,PROD001,3933.26,23.03,90582.98,28
OC000028,2023-02-10,2023-02-01,PROV003,PROD022,541.3,38.79,20997.03,23
OC000029,2023-02-08,2023-02-01,PROV007,PROD003,3410.74,27.02,92158.19,25
OC000030,2023-02-24,2023-02-01,PROV007,PROD007,3274.09,24.99,81819.51,10
OC000031,2023-02-06,2023-02-01,PROV012,PROD005,4689.14,26.61,124778.02,50
OC000032,2023-02-15,2023-02-01,PROV005,PROD016,283.93,255.83,72637.81,43
OC000033,2023-02-20,2023-02-01,PROV007,PROD010,1733.84,225.42,390842.21,15
OC000034,2023-02-11,2023-02-01,PROV004,PROD025,177.56,18.59,3300.84,27
OC000035,2023-02-20,2023-02-01,PROV003,PROD021,447.28,42.81,19148.06,8
OC000036,2023-02-10,2023-02-01,PROV002,PROD005,1754.26,25.61,44926.6,25
OC000037,2023-02-01,2023-02-01,PROV005,PROD021,637.77,39.32,25077.12,37
OC000038,2023-02-14,2023-02-01,PROV005,PROD009,392.97,266.68,104797.24,36
OC000039,2023-02-01,2023-02-01,PROV009,PROD004,4990.0,26.33,131386.7,17
OC000040,2023-02-23,2023-02-01,PROV002,PROD013,260.87,188.33,49129.65,19
OC000041,2023-02-22,2023-02-01,PROV010,PROD013,346.42,169.88,58849.83,16
OC000042,2023-02-18,2023-02-01,PROV004,PROD031,33.57,72.98,2449.94,7
OC000043,2023-02-04,2023-02-01,PROV001,PROD001,9122.76,21.12,192672.69,19
OC000044,2023-02-18,2023-02-01,PROV010,PROD014,244.98,206.08,50485.48,22
OC000045,2023-02-20,2023-02-01,PROV010,PROD022,615.3,38.9,23935.17,4
OC000046,2023-02-07,2023-02-01,PROV006,PROD001,8114.95,22.39,181693.73,20
OC000047,2023-02-13,2023-02-01,PROV008,PROD004,7661.13,25.59,196048.32,18
OC000048,2023-02-05,2023-02-01,PROV004,PROD011,652.38,295.89,193032.72,26
OC000049,2023-02-06,2023-02-01,PROV005,PROD021,565.27,39.01,22051.18,34
OC000050,2023-02-24,2023-02-01,PROV009,PROD010,1697.14,246.46,418277.12,6
OC000051,2023-02-05,2023-02-01,PROV008,PROD012,451.98,324.62,146721.75,20
OC000052,2023-02-06,2023-02-01,PROV006,PROD023,683.3,31.53,21544.45,8
OC000053,2023-02-16,2023-02-01,PROV005,PROD011,678.75,282.26,191583.98,44
OC000054,2023-02-07,2023-02-01,PROV006,PROD022,401.41,39.59,15891.82,25
OC000055,2023-02-12,2023-02-01,PROV004,PROD015,384.08,236.41,90800.35,19
OC000056,2023-02-19,2023-02-01,PROV003,PROD011,282.35,293.75,82940.31,26
OC000057,2023-02-05,2023-02-01,PROV010,PROD012,496.0,318.31,157881.76,25
OC000058,2023-02-22,2023-02-01,PROV010,PROD023,378.76,36.0,13635.36,27
OC000059,2023-02-22,2023-02-01,PROV010,PROD021,987.93,40.84,40347.06,21
OC000060,2023-02-13,2023-02-01,PROV007,PROD023,492.39,31.61,15564.45,18
OC000061,2023-02-17,2023-02-01,PROV012,PROD010,1900.81,245.56,466762.9,44
OC000062,2023-02-01,2023-02-01,PROV002,PROD011,769.69,307.7,236833.61,14
OC000063,2023-02-06,2023-02-01,PROV002,PROD021,844.4,40.99,34611.96,22
OC000064,2023-02-23,2023-02-01,PROV010,PROD020,384.17,28.11,10799.02,18
OC000065,2023-03-05,2023-03-01,PROV001,PROD014,612.63,211.95,129846.93,20
OC000066,2023-03-21,2023-03-01,PROV005,PROD003,13464.28,26.26,353571.99,44
OC000067,2023-03-05,2023-03-01,PROV009,PROD008,6698.71,20.96,140404.96,14
OC000068,2023-03-12,2023-03-01,PROV006,PROD004,2853.34,26.62,75955.91,21
OC000069,2023-03-04,2023-03-01,PROV008,PROD023,1184.28,34.23,40537.9,15
OC000070,2023-03-17,2023-03-01,PROV001,PROD006,9392.2,18.44,173192.17,22
OC000071,2023-03-05,2023-03-01,PROV003,PROD013,704.09,188.55,132756.17,4
OC000072,2023-03-14,2023-03-01,PROV004,PROD009,2479.94,263.87,654381.77,7
OC000073,2023-03-07,2023-03-01,PROV010,PROD010,1717.5,217.21,373058.17,7
OC000074,2023-03-04,2023-03-01,PROV008,PROD007,4279.43,25.71,110024.15,19
OC000075,2023-03-24,2023-03-01,PROV010,PROD005,5556.33,25.94,144131.2,11
OC000076,2023-03-12,2023-03-01,PROV010,PROD002,21376.1,20.45,437141.24,21
OC000077,2023-03-20,2023-03-01,PROV006,PROD022,1023.4,40.16,41099.74,5
OC000078,2023-03-05,2023-03-01,PROV003,PROD016,595.11,282.31,168005.5,18
OC000079,2023-03-06,2023-03-01,PROV004,PROD005,2721.05,27.73,75454.72,12
OC000080,2023-03-03,2023-03-01,PROV003,PROD004,8574.01,25.51,218723.0,20
OC000081,2023-03-09,2023-03-01,PROV008,PROD024,446.84,34.54,15433.85,22
OC000082,2023-03-22,2023-03-01,PROV007,PROD014,532.5,184.72,98363.4,19
OC000083,2023-03-13,2023-03-01,PROV002,PROD010,1995.65,246.09,491109.51,22
OC000084,2023-03-22,2023-03-01,PROV012,PROD004,5362.93,27.15,145603.55,47
OC000085,2023-03-16,2023-03-01,PROV006,PROD015,249.74,216.84,54153.62,16
OC000086,2023-03-11,2023-03-01,PROV011,PROD015,730.74,245.06,179075.14,8
OC000087,2023-03-17,2023-03-01,PROV006,PROD005,3767.25,28.9,108873.52,9
OC000088,2023-03-15,2023-03-01,PROV011,PROD022,407.14,40.33,16419.96,8
OC000089,2023-03-08,2023-03-01,PROV008,PROD023,376.21,36.46,13716.62,24
OC000090,2023-03-22,2023-03-01,PROV011,PROD008,6317.65,22.72,143537.01,13
OC000091,2023-03-15,2023-03-01,PROV008,PROD002,8884.46,21.57,191637.8,11
OC000092,2023-03-15,2023-03-01,PROV010,PROD016,312.13,266.14,83070.28,18
OC000093,2023-03-01,2023-03-01,PROV009,PROD001,10702.52,22.98,245943.91,11
OC000094,2023-03-12,2023-03-01,PROV010,PROD013,515.69,177.1,91328.7,24
OC000095,2023-03-14,2023-03-01,PROV001,PROD019,1342.32,29.47,39558.17,14
OC000096,2023-03-03,2023-03-01,PROV011,PROD004,3539.59,24.69,87392.48,4
OC000097,2023-03-16,2023-03-01,PROV008,PROD025,159.11,18.46,2937.17,8
OC000098,2023-03-08,2023-03-01,PROV005,PROD002,21596.95,21.46,463470.55,40
OC000099,2023-03-23,2023-03-01,PROV012,PROD015,789.93,228.11,180190.93,46
OC000100,2023-03-07,2023-03-01,PROV012,PROD001,14349.38,23.21,333049.11,38
OC000101,2023-04-08,2023-04-01,PROV001,PROD002,16424.45,22.27,365772.5,19
OC000102,2023-04-22,2023-04-01,PROV009,PROD024,598.55,30.44,18219.86,18
OC000103,2023-04-20,2023-04-01,PROV007,PROD004,5956.04,24.91,148364.96,11
OC000104,2023-04-01,2023-04-01,PROV001,PROD012,262.79,321.78,84560.57,8
OC000105,2023-04-08,2023-04-01,PROV003,PROD014,414.89,214.07,88815.5,22
OC000106,2023-04-12,2023-04-01,PROV003,PROD010,1124.19,226.46,254584.07,19
OC000107,2023-04-17,2023-04-01,PROV001,PROD014,797.95,214.77,171375.72,17
OC000108,2023-04-09,2023-04-01,PROV005,PROD009,2085.49,239.71,499912.81,32
OC000109,2023-04-01,2023-04-01,PROV001,PROD015,1173.15,221.14,259430.39,14
OC000110,2023-04-07,2023-04-01,PROV005,PROD002,14925.53,20.58,307167.41,62
OC000111,2023-04-05,2023-04-01,PROV002,PROD020,1293.54,29.69,38405.2,25
OC000112,2023-04-14,2023-04-01,PROV001,PROD020,548.1,26.18,14349.26,20
OC000113,2023-04-21,2023-04-01,PROV006,PROD010,2350.99,225.43,529983.68,25
OC000114,2023-04-07,2023-04-01,PROV012,PROD021,785.78,42.47,33372.08,43
OC000115,2023-04-06,2023-04-01,PROV006,PROD008,6755.71,20.39,137748.93,11
OC000116,2023-04-01,2023-04-01,PROV004,PROD013,235.77,174.59,41163.08,22
OC000117,2023-04-11,2023-04-01,PROV004,PROD011,885.49,284.09,251558.85,13
OC000118,2023-04-17,2023-04-01,PROV010,PROD001,6265.74,22.88,143360.13,21
OC000119,2023-04-12,2023-04-01,PROV007,PROD007,8790.44,24.27,213343.98,15
OC000120,2023-04-11,2023-04-01,PROV007,PROD024,480.89,33.66,16186.76,18
OC000121,2023-04-23,2023-04-01,PROV002,PROD022,673.29,40.19,27059.53,25
OC000122,2023-04-20,2023-04-01,PROV006,PROD005,7625.75,26.09,198955.82,17
OC000123,2023-04-09,2023-04-01,PROV006,PROD004,8456.12,25.79,218083.33,12
OC000124,2023-04-12,2023-04-01,PROV010,PROD017,225.94,280.97,63482.36,4
OC000125,2023-04-13,2023-04-01,PROV010,PROD016,434.68,272.27,118350.32,17
OC000126,2023-04-19,2023-04-01,PROV004,PROD022,494.3,38.43,18995.95,20
OC000127,2023-04-16,2023-04-01,PROV001,PROD002,11172.93,21.13,236084.01,18
OC000128,2023-04-07,2023-04-01,PROV011,PROD015,1009.37,243.69,245973.38,14
OC000129,2023-04-09,2023-04-01,PROV008,PROD001,14775.1,24.05,355341.16,14
OC000130,2023-05-03,2023-05-01,PROV008,PROD019,2532.65,28.62,72484.44,18
OC000131,2023-05-24,2023-05-01,PROV004,PROD014,681.5,193.97,132190.55,16
OC000132,2023-05-06,2023-05-01,PROV009,PROD012,922.58,306.32,282604.71,16
OC000133,2023-05-11,2023-05-01,PROV008,PROD003,7358.24,27.1,199408.3,6
OC000134,2023-05-19,2023-05-01,PROV001,PROD004,10083.16,25.2,254095.63,19
OC000135,2023-05-04,2023-05-01,PROV001,PROD009,2461.55,254.48,626415.24,9
OC000136,2023-05-12,2023-05-01,PROV007,PROD008,9015.26,21.84,196893.28,18
OC000137,2023-05-07,2023-05-01,PROV012,PROD002,8597.81,22.22,191043.34,64
OC000138,2023-05-10,2023-05-01,PROV012,PROD016,507.77,259.02,131522.59,59
OC000139,2023-05-18,2023-05-01,PROV002,PROD009,1990.2,254.92,507341.78,14
OC000140,2023-05-08,2023-05-01,PROV006,PROD015,515.64,228.95,118055.78,14
OC000141,2023-05-13,2023-05-01,PROV001,PROD019,1641.36,31.26,51308.91,14
OC000142,2023-05-06,2023-05-01,PROV001,PROD019,2272.9,29.6,67277.84,9
OC000143,2023-05-20,2023-05-01,PROV010,PROD010,2453.0,244.93,600813.29,23
OC000144,2023-05-09,2023-05-01,PROV004,PROD014,679.79,187.67,127576.19,9
OC000145,2023-05-03,2023-05-01,PROV001,PROD014,1035.98,190.84,197706.42,20
OC000146,2023-05-05,2023-05-01,PROV008,PROD008,4770.99,21.94,104675.52,21
OC000147,2023-05-16,2023-05-01,PROV012,PROD006,9429.15,19.87,187357.21,48
OC000148,2023-05-20,2023-05-01,PROV002,PROD020,1138.53,28.84,32835.21,15
OC000149,2023-05-05,2023-05-01,PROV004,PROD022,922.39,37.36,34460.49,13
OC000150,2023-05-11,2023-05-01,PROV004,PROD008,9162.4,21.05,192868.52,24
OC000151,2023-05-06,2023-05-01,PROV006,PROD013,425.49,190.73,81153.71,7
OC000152,2023-05-15,2023-05-01,PROV010,PROD009,3668.24,252.4,925863.78,4
OC000153,2023-05-23,2023-05-01,PROV006,PROD022,758.8,37.61,28538.47,14
OC000154,2023-05-11,2023-05-01,PROV004,PROD001,7232.15,23.18,167641.24,4
OC000155,2023-05-09,2023-05-01,PROV004,PROD014,1088.0,200.3,217926.4,6
OC000156,2023-05-13,2023-05-01,PROV006,PROD002,11663.45,22.56,263127.43,9
OC000157,2023-05-13,2023-05-01,PROV001,PROD010,3678.52,217.18,798900.97,12
OC000158,2023-05-10,2023-05-01,PROV007,PROD010,3287.13,247.12,812315.57,9
OC000159,2023-06-09,2023-06-01,PROV007,PROD024,512.0,35.08,17960.96,21
OC000160,2023-06-12,2023-06-01,PROV009,PROD002,22667.57,19.97,452671.37,22
OC000161,2023-06-10,2023-06-01,PROV005,PROD032,449.36,36.27,16298.29,59
OC000162,2023-06-05,2023-06-01,PROV009,PROD010,2665.79,251.97,671699.11,18
OC000163,2023-06-02,2023-06-01,PROV008,PROD023,626.85,31.93,20015.32,24
OC000164,2023-06-22,2023-06-01,PROV009,PROD021,698.58,44.26,30919.15,11
OC000165,2023-06-02,2023-06-01,PROV003,PROD002,9068.29,20.96,190071.36,8
OC000166,2023-06-21,2023-06-01,PROV003,PROD019,867.96,29.74,25813.13,9
OC000167,2023-06-22,2023-06-01,PROV002,PROD026,431.5,20.77,8962.25,9
OC000168,2023-06-10,2023-06-01,PROV007,PROD032,465.13,38.74,18019.14,13
OC000169,2023-06-05,2023-06-01,PROV002,PROD027,93.3,28.26,2636.66,16
OC000170,2023-06-19,2023-06-01,PROV010,PROD006,6150.81,19.38,119202.7,16
OC000171,2023-06-13,2023-06-01,PROV005,PROD003,5008.82,26.17,131080.82,47
OC000172,2023-06-15,2023-06-01,PROV002,PROD021,494.5,41.79,20665.15,20
OC000173,2023-06-18,2023-06-01,PROV010,PROD009,1908.89,252.99,482930.08,23
OC000174,2023-06-02,2023-06-01,PROV006,PROD003,4905.88,26.58,130398.29,23
OC000175,2023-06-22,2023-06-01,PROV005,PROD001,5372.07,21.83,117272.29,43
OC000176,2023-06-05,2023-06-01,PROV005,PROD019,1028.1,33.34,34276.85,56
OC000177,2023-06-20,2023-06-01,PROV008,PROD016,608.53,279.91,170333.63,18
OC000178,2023-06-22,2023-06-01,PROV012,PROD014,714.83,209.1,149470.95,72
OC000179,2023-06-08,2023-06-01,PROV008,PROD009,3225.65,258.62,834217.6,25
OC000180,2023-06-12,2023-06-01,PROV009,PROD008,6576.48,20.86,137185.37,28
OC000181,2023-06-09,2023-06-01,PROV010,PROD025,68.77,17.04,1171.84,5
OC000182,2023-06-04,2023-06-01,PROV006,PROD002,5727.58,20.57,117816.32,10
OC000183,2023-06-10,2023-06-01,PROV003,PROD010,2231.38,253.59,565855.65,9
OC000184,2023-06-21,2023-06-01,PROV001,PROD001,7543.25,22.96,173193.02,6
OC000185,2023-06-07,2023-06-01,PROV009,PROD012,436.5,291.3,127152.45,15
OC000186,2023-07-17,2023-07-01,PROV012,PROD001,7496.41,21.05,157799.43,56
OC000187,2023-07-19,2023-07-01,PROV011,PROD029,44.52,40.39,1798.16,23
OC000188,2023-07-02,2023-07-01,PROV010,PROD016,184.96,254.94,47153.7,10
OC000189,2023-07-18,2023-07-01,PROV001,PROD010,3134.72,240.79,754809.23,27
OC000190,2023-07-13,2023-07-01,PROV003,PROD022,879.52,38.57,33923.09,23
OC000191,2023-07-02,2023-07-01,PROV006,PROD011,311.62,281.85,87830.1,13
OC000192,2023-07-15,2023-07-01,PROV002,PROD015,362.41,221.8,80382.54,12
OC000193,2023-07-03,2023-07-01,PROV012,PROD012,369.96,299.32,110736.43,38
OC000194,2023-07-08,2023-07-01,PROV010,PROD002,4630.48,20.4,94461.79,16
OC000195,2023-07-11,2023-07-01,PROV009,PROD002,10002.14,22.16,221647.42,26
OC000196,2023-07-17,2023-07-01,PROV012,PROD019,1347.46,29.43,39655.75,29
OC000197,2023-07-12,2023-07-01,PROV002,PROD010,804.86,251.57,202478.63,20
OC000198,2023-07-19,2023-07-01,PROV012,PROD004,7982.64,26.12,208506.56,49
OC000199,2023-07-06,2023-07-01,PROV002,PROD010,2390.25,250.68,599187.87,18
OC000200,2023-07-01,2023-07-01,PROV006,PROD004,11224.46,26.25,294642.07,19
OC000201,2023-07-09,2023-07-01,PROV004,PROD019,380.73,32.81,12491.75,9
OC000202,2023-07-11,2023-07-01,PROV008,PROD009,2175.32,260.52,566714.37,24
OC000203,2023-07-16,2023-07-01,PROV007,PROD026,76.77,21.45,1646.72,21
OC000204,2023-07-01,2023-07-01,PROV003,PROD011,555.57,277.36,154092.9,13
OC000205,2023-07-13,2023-07-01,PROV011,PROD014,268.46,184.7,49584.56,12
OC000206,2023-07-20,2023-07-01,PROV003,PROD019,458.87,31.31,14367.22,20
OC000207,2023-07-01,2023-07-01,PROV012,PROD021,1473.9,43.64,64321.0,47
OC000208,2023-07-04,2023-07-01,PROV011,PROD021,1278.86,40.61,51934.5,26
OC000209,2023-07-08,2023-07-01,PROV001,PROD008,2408.69,20.33,48968.67,18
OC000210,2023-07-23,2023-07-01,PROV012,PROD009,1975.79,241.87,477884.33,38
OC000211,2023-07-04,2023-07-01,PROV004,PROD009,1285.78,265.03,340770.27,17
OC000212,2023-07-19,2023-07-01,PROV010,PROD007,4023.68,24.07,96849.98,26
OC000213,2023-07-04,2023-07-01,PROV004,PROD004,11315.25,26.31,297704.23,9
OC000214,2023-07-13,2023-07-01,PROV007,PROD006,5638.8,20.04,113001.55,19
OC000215,2023-07-18,2023-07-01,PROV011,PROD007,2249.85,24.37,54828.84,6
OC000216,2023-07-05,2023-07-01,PROV008,PROD010,1358.23,227.55,309065.24,25
OC000217,2023-07-13,2023-07-01,PROV006,PROD006,8323.19,17.96,149484.49,14
OC000218,2023-07-02,2023-07-01,PROV007,PROD010,968.61,252.31,244389.99,25
OC000219,2023-07-13,2023-07-01,PROV008,PROD022,449.03,37.2,16703.92,7
OC000220,2023-07-10,2023-07-01,PROV008,PROD012,455.8,308.93,140810.29,23
OC000221,2023-07-12,2023-07-01,PROV002,PROD009,776.22,245.69,190709.49,9
OC000222,2023-07-21,2023-07-01,PROV006,PROD028,109.37,33.26,3637.65,14
OC000223,2023-07-05,2023-07-01,PROV010,PROD015,517.15,225.92,116834.53,10
OC000224,2023-07-21,2023-07-01,PROV009,PROD020,1085.48,27.41,29753.01,12
OC000225,2023-08-12,2023-08-01,PROV003,PROD002,5214.12,21.69,113094.26,11
OC000226,2023-08-19,2023-08-01,PROV008,PROD012,929.39,290.59,270071.44,16
OC000227,2023-08-14,2023-08-01,PROV006,PROD010,1465.32,245.57,359838.63,27
OC000228,2023-08-13,2023-08-01,PROV010,PROD010,2073.21,222.69,461683.13,4
OC000229,2023-08-10,2023-08-01,PROV004,PROD010,1268.52,248.81,315620.46,22
OC000230,2023-08-24,2023-08-01,PROV001,PROD006,4740.71,19.14,90737.19,18
OC000231,2023-08-07,2023-08-01,PROV005,PROD021,1247.02,40.32,50279.85,44
OC000232,2023-08-13,2023-08-01,PROV007,PROD002,5144.14,21.0,108026.94,12
OC000233,2023-08-04,2023-08-01,PROV011,PROD014,685.32,205.54,140860.67,17
OC000234,2023-08-23,2023-08-01,PROV006,PROD015,376.32,243.83,91758.11,19
OC000235,2023-08-06,2023-08-01,PROV004,PROD002,14065.84,19.72,277378.36,11
OC000236,2023-08-10,2023-08-01,PROV004,PROD001,13194.19,21.9,288952.76,15
OC000237,2023-08-24,2023-08-01,PROV008,PROD023,1165.73,34.71,40462.49,17
OC000238,2023-08-01,2023-08-01,PROV004,PROD004,5587.94,26.32,147074.58,12
OC000239,2023-08-12,2023-08-01,PROV008,PROD007,2217.08,23.49,52079.21,9
OC000240,2023-08-11,2023-08-01,PROV009,PROD010,1492.54,236.7,353284.22,23
OC000241,2023-08-16,2023-08-01,PROV011,PROD009,1726.19,264.2,456059.4,24
OC000242,2023-08-15,2023-08-01,PROV007,PROD001,8250.85,23.76,196040.2,19
OC000243,2023-08-05,2023-08-01,PROV011,PROD008,2869.73,21.72,62330.54,6
OC000244,2023-08-06,2023-08-01,PROV009,PROD016,300.7,254.46,76516.12,7
OC000245,2023-08-03,2023-08-01,PROV011,PROD026,245.67,23.56,5787.99,5
OC000246,2023-08-22,2023-08-01,PROV004,PROD009,1831.82,255.26,467590.37,11
OC000247,2023-08-11,2023-08-01,PROV010,PROD024,568.17,35.23,20016.63,26
OC000248,2023-08-09,2023-08-01,PROV003,PROD028,75.1,35.59,2672.81,23
OC000249,2023-08-22,2023-08-01,PROV004,PROD018,69.46,372.25,25856.48,8
OC000250,2023-08-10,2023-08-01,PROV003,PROD006,8962.65,19.2,172082.88,10
OC000251,2023-08-19,2023-08-01,PROV001,PROD009,2643.05,231.96,613081.88,26
OC000252,2023-08-08,2023-08-01,PROV004,PROD016,697.17,266.1,185516.94,10
OC000253,2023-08-06,2023-08-01,PROV009,PROD006,3181.83,18.58,59118.4,16
OC000254,2023-08-09,2023-08-01,PROV006,PROD015,777.12,222.19,172668.29,9
OC000255,2023-08-06,2023-08-01,PROV005,PROD002,17231.99,21.54,371177.06,55
OC000256,2023-09-15,2023-09-01,PROV006,PROD001,13661.35,23.08,315303.96,7
OC000257,2023-09-24,2023-09-01,PROV008,PROD024,671.39,30.57,20524.39,12
OC000258,2023-09-06,2023-09-01,PROV004,PROD001,22700.13,23.65,536858.07,7
OC000259,2023-09-03,2023-09-01,PROV008,PROD015,862.09,229.32,197694.48,10
OC000260,2023-09-12,2023-09-01,PROV012,PROD007,3634.49,24.12,87663.9,42
OC000261,2023-09-06,2023-09-01,PROV010,PROD002,19437.47,21.74,422570.6,18
OC000262,2023-09-15,2023-09-01,PROV012,PROD019,837.87,32.61,27322.94,50
OC000263,2023-09-15,2023-09-01,PROV003,PROD020,1284.63,26.96,34633.62,9
OC000264,2023-09-13,2023-09-01,PROV009,PROD007,3112.1,25.42,79109.58,5
OC000265,2023-09-05,2023-09-01,PROV008,PROD019,568.01,30.24,17176.62,28
OC000266,2023-09-03,2023-09-01,PROV001,PROD001,7645.78,23.04,176158.77,16
OC000267,2023-09-04,2023-09-01,PROV006,PROD004,7342.59,24.86,182536.79,18
OC000268,2023-09-05,2023-09-01,PROV004,PROD024,559.88,34.71,19433.43,9
OC000269,2023-09-13,2023-09-01,PROV006,PROD001,8012.77,22.22,178043.75,22
OC000270,2023-09-06,2023-09-01,PROV001,PROD003,6727.49,25.97,174712.92,28
OC000271,2023-09-10,2023-09-01,PROV010,PROD003,9169.4,26.85,246198.39,8
OC000272,2023-09-10,2023-09-01,PROV011,PROD010,969.97,228.96,222084.33,25
OC000273,2023-09-06,2023-09-01,PROV001,PROD005,3742.18,28.67,107288.3,12
OC000274,2023-09-18,2023-09-01,PROV011,PROD011,1250.83,285.95,357674.84,11
OC000275,2023-09-17,2023-09-01,PROV010,PROD005,1681.62,27.45,46160.47,19
OC000276,2023-09-05,2023-09-01,PROV001,PROD008,4282.82,22.44,96106.48,20
OC000277,2023-09-18,2023-09-01,PROV002,PROD002,20108.23,21.05,423278.24,25
OC000278,2023-09-16,2023-09-01,PROV011,PROD023,695.46,32.4,22532.9,9
OC000279,2023-09-07,2023-09-01,PROV004,PROD004,3707.19,26.85,99538.05,11
OC000280,2023-09-10,2023-09-01,PROV011,PROD010,2333.21,233.14,543964.58,12
OC000281,2023-09-10,2023-09-01,PROV008,PROD013,631.58,177.84,112320.19,12
OC000282,2023-09-06,2023-09-01,PROV008,PROD001,21925.69,23.5,515253.71,14
OC000283,2023-09-03,2023-09-01,PROV009,PROD001,20701.45,21.97,454810.86,26
OC000284,2023-09-08,2023-09-01,PROV002,PROD019,1081.86,29.1,31482.13,20
OC000285,2023-09-22,2023-09-01,PROV012,PROD016,249.35,279.63,69725.74,51
OC000286,2023-09-21,2023-09-01,PROV005,PROD009,1105.94,234.29,259110.68,52
OC000287,2023-09-09,2023-09-01,PROV011,PROD006,2369.71,19.8,46920.26,10
OC000288,2023-09-12,2023-09-01,PROV009,PROD016,395.5,275.3,108881.15,10
OC000289,2023-09-12,2023-09-01,PROV004,PROD006,3224.33,20.48,66034.28,8
OC000290,2023-10-11,2023-10-01,PROV006,PROD005,12927.6,29.18,377227.37,22
OC000291,2023-10-05,2023-10-01,PROV011,PROD024,256.64,32.4,8315.14,16
OC000292,2023-10-18,2023-10-01,PROV007,PROD016,320.29,273.95,87743.45,13
OC000293,2023-10-03,2023-10-01,PROV001,PROD003,4862.1,24.44,118829.72,5
OC000294,2023-10-06,2023-10-01,PROV005,PROD023,1064.76,35.28,37564.73,62
OC000295,2023-10-09,2023-10-01,PROV005,PROD022,855.07,36.26,31004.84,51
OC000296,2023-10-18,2023-10-01,PROV009,PROD011,636.19,298.94,190182.64,21
OC000297,2023-10-05,2023-10-01,PROV011,PROD010,5155.12,228.71,1179027.5,11
OC000298,2023-10-16,2023-10-01,PROV005,PROD001,20212.53,23.19,468728.57,43
OC000299,2023-10-07,2023-10-01,PROV004,PROD004,4390.01,26.92,118179.07,26
OC000300,2023-10-12,2023-10-01,PROV004,PROD004,9895.8,27.11,268275.14,12
OC000301,2023-10-20,2023-10-01,PROV003,PROD020,1206.96,28.02,33819.02,20
OC000302,2023-10-24,2023-10-01,PROV002,PROD009,4347.53,266.42,1158268.94,22
OC000303,2023-10-02,2023-10-01,PROV002,PROD002,8803.48,22.64,199310.79,11
OC000304,2023-10-15,2023-10-01,PROV003,PROD001,18029.71,21.43,386376.69,8
OC000305,2023-10-24,2023-10-01,PROV007,PROD006,13843.29,20.39,282264.68,26
OC000306,2023-10-09,2023-10-01,PROV010,PROD009,4694.11,243.87,1144752.61,21
OC000307,2023-10-02,2023-10-01,PROV002,PROD002,15507.21,20.34,315416.65,20
OC000308,2023-10-20,2023-10-01,PROV007,PROD018,367.7,368.04,135328.31,15
OC000309,2023-10-07,2023-10-01,PROV003,PROD004,5304.53,23.79,126194.77,26
OC000310,2023-10-10,2023-10-01,PROV003,PROD018,476.21,337.54,160739.92,20
OC000311,2023-10-14,2023-10-01,PROV011,PROD006,10719.27,18.02,193161.25,20
OC000312,2023-10-04,2023-10-01,PROV004,PROD009,4533.7,238.24,1080108.69,22
OC000313,2023-10-17,2023-10-01,PROV002,PROD015,903.32,229.22,207059.01,27
OC000314,2023-10-20,2023-10-01,PROV006,PROD007,4411.77,23.49,103632.48,16
OC000315,2023-10-09,2023-10-01,PROV008,PROD017,261.12,272.7,71207.42,28
OC000316,2023-10-04,2023-10-01,PROV001,PROD022,710.94,37.98,27001.5,22
OC000317,2023-10-20,2023-10-01,PROV003,PROD017,115.67,297.16,34372.5,4
OC000318,2023-10-22,2023-10-01,PROV006,PROD031,74.92,73.65,5517.86,27
OC000319,2023-10-19,2023-10-01,PROV006,PROD003,5498.35,27.24,149775.05,26
OC000320,2023-10-08,2023-10-01,PROV008,PROD010,2628.53,230.7,606401.87,5
OC000321,2023-10-09,2023-10-01,PROV004,PROD024,502.48,30.9,15526.63,6
OC000322,2023-10-11,2023-10-01,PROV009,PROD021,854.14,41.68,35600.56,5
OC000323,2023-10-15,2023-10-01,PROV004,PROD020,449.54,29.18,13117.58,24
OC000324,2023-10-16,2023-10-01,PROV007,PROD011,2013.68,280.89,565622.58,4
OC000325,2023-10-14,2023-10-01,PROV010,PROD003,13396.86,25.1,336261.19,9
OC000326,2023-10-24,2023-10-01,PROV002,PROD015,806.33,234.83,189350.47,13
OC000327,2023-10-10,2023-10-01,PROV002,PROD001,9353.25,23.54,220175.51,11
OC000328,2023-10-13,2023-10-01,PROV008,PROD001,6550.27,22.7,148691.13,27
OC000329,2023-10-02,2023-10-01,PROV005,PROD020,382.97,27.78,10638.91,43
OC000330,2023-10-17,2023-10-01,PROV012,PROD009,1342.61,238.4,320078.22,60
OC000331,2023-10-22,2023-10-01,PROV011,PROD016,590.17,279.08,164704.64,25
OC000332,2023-11-11,2023-11-01,PROV003,PROD002,15071.83,22.26,335498.94,23
OC000333,2023-11-19,2023-11-01,PROV007,PROD014,468.16,183.74,86019.72,24
OC000334,2023-11-01,2023-11-01,PROV011,PROD010,2172.23,228.85,497114.84,5
OC000335,2023-11-04,2023-11-01,PROV001,PROD018,180.16,349.1,62893.86,9
OC000336,2023-11-05,2023-11-01,PROV003,PROD006,10673.28,18.12,193399.83,24
OC000337,2023-11-20,2023-11-01,PROV004,PROD025,127.27,16.24,2066.86,18
OC000338,2023-11-02,2023-11-01,PROV005,PROD003,4936.96,26.5,130829.44,68
OC000339,2023-11-13,2023-11-01,PROV003,PROD005,4136.22,28.17,116517.32,5
OC000340,2023-11-14,2023-11-01,PROV012,PROD003,14028.35,25.58,358845.19,41
OC000341,2023-11-19,2023-11-01,PROV001,PROD019,1100.58,29.18,32114.92,23
OC000342,2023-11-02,2023-11-01,PROV002,PROD011,935.88,281.18,263150.74,21
OC000343,2023-11-04,2023-11-01,PROV005,PROD001,7141.71,22.27,159045.88,57
OC000344,2023-11-06,2023-11-01,PROV010,PROD014,1053.65,185.93,195905.14,13
OC000345,2023-11-14,2023-11-01,PROV002,PROD028,117.56,37.44,4401.45,11
OC000346,2023-11-17,2023-11-01,PROV009,PROD022,1173.32,39.94,46862.4,19
OC000347,2023-11-02,2023-11-01,PROV011,PROD015,332.71,213.68,71093.47,4
OC000348,2023-11-07,2023-11-01,PROV009,PROD017,586.44,286.05,167751.16,4
OC000349,2023-11-09,2023-11-01,PROV012,PROD011,1907.6,263.96,503530.1,31
OC000350,2023-11-10,2023-11-01,PROV006,PROD022,1022.54,36.11,36923.92,9
OC000351,2023-11-03,2023-11-01,PROV010,PROD004,10843.99,26.78,290402.05,20
OC000352,2023-11-13,2023-11-01,PROV012,PROD019,515.48,32.13,16562.37,47
OC000353,2023-11-02,2023-11-01,PROV002,PROD002,14235.54,21.0,298946.34,11
OC000354,2023-11-02,2023-11-01,PROV009,PROD023,871.37,35.37,30820.36,10
OC000355,2023-11-02,2023-11-01,PROV010,PROD021,453.0,40.19,18206.07,11
OC000356,2023-11-15,2023-11-01,PROV001,PROD003,7697.08,23.74,182728.68,9
OC000357,2023-11-01,2023-11-01,PROV012,PROD030,29.66,41.2,1221.99,36
OC000358,2023-11-08,2023-11-01,PROV011,PROD011,1579.35,275.88,435711.08,7
OC000359,2023-11-17,2023-11-01,PROV001,PROD021,1630.04,40.73,66391.53,14
OC000360,2023-11-08,2023-11-01,PROV001,PROD002,18794.19,22.59,424560.75,12
OC000361,2023-12-09,2023-12-01,PROV006,PROD004,8146.76,25.05,204076.34,22
OC000362,2023-12-09,2023-12-01,PROV006,PROD008,2753.68,22.08,60801.25,9
OC000363,2023-12-07,2023-12-01,PROV006,PROD013,571.19,183.6,104870.48,4
OC000364,2023-12-01,2023-12-01,PROV007,PROD015,137.89,217.56,29999.35,6
OC000365,2023-12-23,2023-12-01,PROV005,PROD002,7544.77,21.63,163193.38,43
OC000366,2023-12-01,2023-12-01,PROV003,PROD022,765.55,39.43,30185.64,24
OC000367,2023-12-14,2023-12-01,PROV005,PROD028,86.95,38.22,3323.23,46
OC000368,2023-12-23,2023-12-01,PROV001,PROD009,1070.91,248.17,265767.73,13
OC000369,2023-12-03,2023-12-01,PROV003,PROD007,2386.55,25.89,61787.78,25
OC000370,2023-12-04,2023-12-01,PROV002,PROD006,8377.31,18.11,151713.08,11
OC000371,2023-12-19,2023-12-01,PROV010,PROD014,691.76,183.71,127083.23,11
OC000372,2023-12-08,2023-12-01,PROV010,PROD023,853.34,33.05,28202.89,18
OC000373,2023-12-19,2023-12-01,PROV004,PROD010,468.63,250.27,117284.03,15
OC000374,2023-12-04,2023-12-01,PROV004,PROD002,12948.67,19.4,251204.2,7
OC000375,2023-12-02,2023-12-01,PROV001,PROD014,249.24,190.65,47517.61,9
OC000376,2023-12-08,2023-12-01,PROV009,PROD007,2064.29,24.7,50987.96,25
OC000377,2023-12-19,2023-12-01,PROV007,PROD008,4510.79,19.62,88501.7,25
OC000378,2023-12-10,2023-12-01,PROV006,PROD009,1733.29,229.34,397512.73,26
OC000379,2023-12-05,2023-12-01,PROV009,PROD020,467.3,26.61,12434.85,8
OC000380,2023-12-03,2023-12-01,PROV008,PROD005,5124.76,26.42,135396.16,26
OC000381,2023-12-12,2023-12-01,PROV005,PROD016,205.43,274.32,56353.56,25
OC000382,2023-12-23,2023-12-01,PROV008,PROD010,1292.1,229.87,297015.03,9
OC000383,2023-12-18,2023-12-01,PROV008,PROD021,742.64,37.74,28027.23,20
OC000384,2023-12-20,2023-12-01,PROV004,PROD021,245.53,38.29,9401.34,17
OC000385,2023-12-13,2023-12-01,PROV010,PROD016,379.04,260.69,98811.94,7
OC000386,2023-12-09,2023-12-01,PROV006,PROD020,437.35,27.4,11983.39,25
OC000387,2023-12-10,2023-12-01,PROV006,PROD026,285.91,23.22,6638.83,27
OC000388,2023-12-18,2023-12-01,PROV010,PROD025,183.28,18.77,3440.17,15
OC000389,2024-01-17,2024-01-01,PROV005,PROD002,10097.04,20.41,206080.59,51
OC000390,2024-01-13,2024-01-01,PROV001,PROD014,362.62,206.56,74902.79,14
OC000391,2024-01-06,2024-01-01,PROV002,PROD019,762.32,30.65,23365.11,15
OC000392,2024-01-14,2024-01-01,PROV009,PROD001,4134.4,22.19,91742.34,13
OC000393,2024-01-09,2024-01-01,PROV005,PROD001,8976.33,23.55,211392.57,47
OC000394,2024-01-06,2024-01-01,PROV011,PROD004,3969.01,25.74,102162.32,23
OC000395,2024-01-09,2024-01-01,PROV010,PROD020,437.64,29.16,12761.58,11
OC000396,2024-01-24,2024-01-01,PROV011,PROD025,38.88,17.75,690.12,15
OC000397,2024-01-24,2024-01-01,PROV002,PROD002,11177.34,21.46,239865.72,13
OC000398,2024-01-24,2024-01-01,PROV005,PROD010,2329.54,216.64,504671.55,61
OC000399,2024-01-13,2024-01-01,PROV009,PROD005,2712.89,25.93,70345.24,4
OC000400,2024-01-13,2024-01-01,PROV009,PROD002,5507.09,21.59,118898.07,13
OC000401,2024-01-14,2024-01-01,PROV001,PROD020,248.86,28.3,7042.74,5
OC000402,2024-01-21,2024-01-01,PROV010,PROD001,10439.41,23.63,246683.26,9
OC000403,2024-01-17,2024-01-01,PROV001,PROD010,1151.62,251.51,289643.95,20
OC000404,2024-01-10,2024-01-01,PROV006,PROD019,391.16,30.49,11926.47,17
OC000405,2024-01-07,2024-01-01,PROV012,PROD002,9833.83,20.19,198545.03,34
OC000406,2024-01-11,2024-01-01,PROV012,PROD014,533.72,188.29,100494.14,64
OC000407,2024-01-08,2024-01-01,PROV008,PROD027,127.0,31.29,3973.83,24
OC000408,2024-01-23,2024-01-01,PROV009,PROD019,830.22,30.34,25188.87,13
OC000409,2024-01-04,2024-01-01,PROV012,PROD026,208.3,22.1,4603.43,36
OC000410,2024-01-19,2024-01-01,PROV012,PROD019,1377.03,30.52,42026.96,58
OC000411,2024-01-06,2024-01-01,PROV002,PROD013,457.95,176.3,80736.59,21
OC000412,2024-01-17,2024-01-01,PROV012,PROD009,690.72,253.7,175235.66,60
OC000413,2024-01-17,2024-01-01,PROV002,PROD012,269.92,289.37,78106.75,16
OC000414,2024-01-24,2024-01-01,PROV007,PROD011,1011.35,265.1,268108.89,26
OC000415,2024-01-01,2024-01-01,PROV012,PROD009,1580.63,256.7,405747.72,44
OC000416,2024-01-01,2024-01-01,PROV009,PROD010,1156.75,241.91,279829.39,18
OC000417,2024-01-03,2024-01-01,PROV011,PROD001,7677.42,22.46,172434.85,28
OC000418,2024-01-13,2024-01-01,PROV006,PROD002,10568.38,20.12,212635.81,12
OC000419,2024-01-07,2024-01-01,PROV012,PROD018,110.52,342.88,37895.1,40
OC000420,2024-01-03,2024-01-01,PROV001,PROD010,2443.94,220.97,540037.42,19
OC000421,2024-01-14,2024-01-01,PROV002,PROD009,1487.77,256.95,382282.5,11
OC000422,2024-01-17,2024-01-01,PROV003,PROD010,1708.36,233.86,399517.07,19
OC000423,2024-01-09,2024-01-01,PROV007,PROD006,6086.39,19.22,116980.42,20
OC000424,2024-01-23,2024-01-01,PROV005,PROD025,38.73,16.77,649.5,56
OC000425,2024-01-14,2024-01-01,PROV007,PROD022,898.96,37.78,33962.71,17
OC000426,2024-01-14,2024-01-01,PROV001,PROD002,10625.61,21.65,230044.46,16
OC000427,2024-01-07,2024-01-01,PROV010,PROD004,3322.79,24.62,81807.09,28
OC000428,2024-02-11,2024-02-01,PROV011,PROD005,1959.62,26.83,52576.6,12
OC000429,2024-02-13,2024-02-01,PROV005,PROD021,475.94,38.37,18261.82,40
OC000430,2024-02-18,2024-02-01,PROV012,PROD008,4243.16,20.91,88724.48,32
OC000431,2024-02-21,2024-02-01,PROV008,PROD019,1223.77,31.03,37973.58,25
OC000432,2024-02-13,2024-02-01,PROV010,PROD028,46.73,38.6,1803.78,20
OC000433,2024-02-02,2024-02-01,PROV005,PROD003,3014.8,26.43,79681.16,46
OC000434,2024-02-16,2024-02-01,PROV008,PROD017,146.93,284.94,41866.23,15
OC000435,2024-02-08,2024-02-01,PROV002,PROD010,1238.79,222.32,275407.79,26
OC000436,2024-02-17,2024-02-01,PROV007,PROD011,611.23,297.3,181718.68,11
OC000437,2024-02-15,2024-02-01,PROV010,PROD001,10126.49,24.06,243643.35,13
OC000438,2024-02-05,2024-02-01,PROV009,PROD010,1534.5,233.58,358428.51,28
OC000439,2024-02-22,2024-02-01,PROV010,PROD017,393.95,284.39,112035.44,23
OC000440,2024-02-23,2024-02-01,PROV009,PROD001,10930.18,21.03,229861.69,28
OC000441,2024-02-23,2024-02-01,PROV005,PROD010,1628.77,244.49,398217.98,43
OC000442,2024-02-18,2024-02-01,PROV005,PROD024,188.98,34.68,6553.83,61
OC000443,2024-02-15,2024-02-01,PROV011,PROD019,844.73,28.57,24133.94,6
OC000444,2024-02-19,2024-02-01,PROV011,PROD010,577.5,251.13,145027.58,12
OC000445,2024-02-08,2024-02-01,PROV004,PROD013,405.57,163.9,66472.92,7
OC000446,2024-02-14,2024-02-01,PROV012,PROD002,10463.09,21.21,221922.14,52
OC000447,2024-02-09,2024-02-01,PROV003,PROD011,988.8,280.11,276972.77,6
OC000448,2024-02-10,2024-02-01,PROV009,PROD029,45.16,43.76,1976.2,12
OC000449,2024-02-20,2024-02-01,PROV003,PROD002,12416.55,22.45,278751.55,21
OC000450,2024-02-03,2024-02-01,PROV002,PROD002,6321.97,21.53,136112.01,22
OC000451,2024-02-18,2024-02-01,PROV004,PROD024,493.82,34.43,17002.22,13
OC000452,2024-02-18,2024-02-01,PROV003,PROD006,9107.31,18.44,167938.8,10
OC000453,2024-02-11,2024-02-01,PROV009,PROD004,4457.9,26.0,115905.4,20
OC000454,2024-02-04,2024-02-01,PROV006,PROD019,1184.63,28.6,33880.42,23
OC000455,2024-02-24,2024-02-01,PROV002,PROD021,637.56,42.73,27242.94,28
OC000456,2024-02-08,2024-02-01,PROV006,PROD019,493.85,31.43,15521.71,28
OC000457,2024-02-05,2024-02-01,PROV006,PROD001,10995.73,23.92,263017.86,19
OC000458,2024-02-08,2024-02-01,PROV002,PROD014,641.17,186.62,119655.15,23
OC000459,2024-02-06,2024-02-01,PROV008,PROD024,318.06,33.28,10585.04,22
OC000460,2024-03-11,2024-03-01,PROV009,PROD020,684.9,26.92,18437.51,8
OC000461,2024-03-23,2024-03-01,PROV006,PROD008,4240.26,22.29,94515.4,10
OC000462,2024-03-08,2024-03-01,PROV008,PROD013,537.56,174.6,93857.98,8
OC000463,2024-03-17,2024-03-01,PROV005,PROD004,3783.3,26.94,101922.1,40
OC000464,2024-03-19,2024-03-01,PROV009,PROD024,459.52,31.42,14438.12,8
OC000465,2024-03-07,2024-03-01,PROV011,PROD015,292.52,227.29,66486.87,28
OC000466,2024-03-14,2024-03-01,PROV008,PROD006,4307.06,20.44,88036.31,6
OC000467,2024-03-16,2024-03-01,PROV002,PROD023,986.35,36.01,35518.46,14
OC000468,2024-03-09,2024-03-01,PROV005,PROD006,6711.59,20.8,139601.07,41
OC000469,2024-03-04,2024-03-01,PROV009,PROD016,484.41,252.03,122085.85,21
OC000470,2024-03-02,2024-03-01,PROV007,PROD001,10926.89,23.13,252738.97,7
OC000471,2024-03-21,2024-03-01,PROV012,PROD002,13965.85,22.08,308365.97,68
OC000472,2024-03-15,2024-03-01,PROV008,PROD021,1159.43,41.43,48035.18,14
OC000473,2024-03-03,2024-03-01,PROV006,PROD002,9794.91,22.09,216369.56,12
OC000474,2024-03-02,2024-03-01,PROV012,PROD014,969.35,190.94,185087.69,59
OC000475,2024-03-03,2024-03-01,PROV004,PROD001,20398.14,21.26,433664.46,17
OC000476,2024-03-12,2024-03-01,PROV011,PROD002,16144.92,21.55,347923.03,20
OC000477,2024-03-07,2024-03-01,PROV010,PROD015,851.22,242.94,206795.39,4
OC000478,2024-03-07,2024-03-01,PROV008,PROD023,1560.07,32.95,51404.31,13
OC000479,2024-03-05,2024-03-01,PROV010,PROD009,2080.8,242.24,504052.99,21
OC000480,2024-03-16,2024-03-01,PROV010,PROD008,3527.45,21.83,77004.23,4
OC000481,2024-03-09,2024-03-01,PROV005,PROD020,1480.12,26.67,39474.8,40
OC000482,2024-03-16,2024-03-01,PROV007,PROD010,1019.35,246.29,251055.71,21
OC000483,2024-03-16,2024-03-01,PROV004,PROD010,3220.32,251.78,810812.17,14
OC000484,2024-03-21,2024-03-01,PROV004,PROD020,1152.28,29.47,33957.69,10
OC000485,2024-03-19,2024-03-01,PROV005,PROD003,5357.42,27.32,146364.71,36
OC000486,2024-03-09,2024-03-01,PROV006,PROD006,4604.74,21.0,96699.54,9
OC000487,2024-03-24,2024-03-01,PROV001,PROD016,679.78,262.51,178449.05,7
OC000488,2024-03-18,2024-03-01,PROV009,PROD002,13378.05,22.4,299668.32,14
OC000489,2024-03-19,2024-03-01,PROV011,PROD009,1690.56,227.37,384382.63,10
OC000490,2024-03-23,2024-03-01,PROV005,PROD014,447.27,206.48,92352.31,45
OC000491,2024-03-03,2024-03-01,PROV002,PROD002,13869.84,20.07,278367.69,22
OC000492,2024-03-21,2024-03-01,PROV001,PROD003,7290.61,27.47,200273.06,10
OC000493,2024-03-13,2024-03-01,PROV001,PROD001,16896.96,22.28,376464.27,15
OC000494,2024-03-17,2024-03-01,PROV001,PROD017,227.68,278.68,63449.86,20
OC000495,2024-03-19,2024-03-01,PROV005,PROD001,6516.28,22.1,144009.79,61
OC000496,2024-03-04,2024-03-01,PROV006,PROD004,3223.47,24.04,77492.22,24
OC000497,2024-03-18,2024-03-01,PROV002,PROD015,901.05,241.41,217522.48,11
OC000498,2024-03-09,2024-03-01,PROV012,PROD010,1329.2,242.48,322304.42,44
OC000499,2024-03-06,2024-03-01,PROV007,PROD009,3090.22,234.02,723173.28,22
OC000500,2024-03-11,2024-03-01,PROV002,PROD001,19582.07,21.84,427672.41,10
OC000501,2024-03-03,2024-03-01,PROV004,PROD019,571.67,33.3,19036.61,18
OC000502,2024-04-10,2024-04-01,PROV005,PROD024,347.84,33.16,11534.37,41
OC000503,2024-04-19,2024-04-01,PROV002,PROD003,8938.74,27.14,242597.4,22
OC000504,2024-04-16,2024-04-01,PROV006,PROD002,12171.48,22.23,270572.0,23
OC000505,2024-04-18,2024-04-01,PROV010,PROD003,4405.91,24.79,109222.51,18
OC000506,2024-04-18,2024-04-01,PROV008,PROD010,1721.13,222.65,383209.59,7
OC000507,2024-04-21,2024-04-01,PROV011,PROD001,16146.4,21.77,351507.13,21
OC000508,2024-04-02,2024-04-01,PROV010,PROD010,1637.56,246.07,402954.39,11
OC000509,2024-04-05,2024-04-01,PROV002,PROD021,457.23,40.19,18376.07,18
OC000510,2024-04-08,2024-04-01,PROV011,PROD012,1458.65,281.85,411120.5,8
OC000511,2024-04-17,2024-04-01,PROV007,PROD003,3012.26,27.42,82596.17,11
OC000512,2024-04-12,2024-04-01,PROV010,PROD026,124.83,21.31,2660.13,16
OC000513,2024-04-03,2024-04-01,PROV009,PROD008,10386.35,22.41,232758.1,19
OC000514,2024-04-11,2024-04-01,PROV002,PROD016,307.86,264.6,81459.76,22
OC000515,2024-04-08,2024-04-01,PROV008,PROD002,25711.62,19.71,506776.03,23
OC000516,2024-04-08,2024-04-01,PROV002,PROD013,597.28,188.35,112497.69,7
OC000517,2024-04-09,2024-04-01,PROV004,PROD014,1244.64,188.99,235224.51,8
OC000518,2024-04-18,2024-04-01,PROV001,PROD021,1392.65,42.92,59772.54,22
OC000519,2024-04-07,2024-04-01,PROV009,PROD025,285.85,18.1,5173.89,19
OC000520,2024-04-09,2024-04-01,PROV005,PROD032,126.51,37.65,4763.1,36
OC000521,2024-04-23,2024-04-01,PROV003,PROD001,13909.96,21.31,296421.25,27
OC000522,2024-04-02,2024-04-01,PROV009,PROD003,6569.92,26.08,171343.51,11
OC000523,2024-04-14,2024-04-01,PROV012,PROD009,2256.11,233.55,526914.49,26
OC000524,2024-04-15,2024-04-01,PROV007,PROD026,231.15,23.75,5489.81,24
OC000525,2024-04-16,2024-04-01,PROV005,PROD004,14777.94,27.43,405358.89,38
OC000526,2024-04-14,2024-04-01,PROV003,PROD003,7954.95,27.13,215817.79,12
OC000527,2024-04-14,2024-04-01,PROV012,PROD008,6272.86,22.2,139257.49,53
OC000528,2024-04-09,2024-04-01,PROV002,PROD002,21831.57,20.98,458026.34,26
OC000529,2024-04-24,2024-04-01,PROV003,PROD006,9089.03,19.74,179417.45,14
OC000530,2024-04-22,2024-04-01,PROV009,PROD008,8098.46,19.97,161726.25,10
OC000531,2024-04-15,2024-04-01,PROV007,PROD020,1178.24,25.78,30375.03,18
OC000532,2024-04-21,2024-04-01,PROV007,PROD026,295.82,23.33,6901.48,25
OC000533,2024-04-12,2024-04-01,PROV004,PROD019,1648.52,31.15,51351.4,7
OC000534,2024-04-15,2024-04-01,PROV011,PROD011,1422.0,277.76,394974.72,8
OC000535,2024-04-11,2024-04-01,PROV008,PROD001,16490.63,23.74,391487.56,20
OC000536,2024-04-09,2024-04-01,PROV009,PROD016,249.4,284.19,70876.99,5
OC000537,2024-04-12,2024-04-01,PROV008,PROD015,528.46,243.5,128680.01,4
OC000538,2024-04-14,2024-04-01,PROV002,PROD014,713.98,192.27,137276.93,14
OC000539,2024-04-11,2024-04-01,PROV009,PROD020,734.02,27.62,20273.63,6
OC000540,2024-04-11,2024-04-01,PROV005,PROD014,677.45,188.71,127841.59,48
OC000541,2024-05-22,2024-05-01,PROV008,PROD013,389.26,169.61,66022.39,23
OC000542,2024-05-24,2024-05-01,PROV008,PROD032,360.81,35.32,12743.81,6
OC000543,2024-05-07,2024-05-01,PROV008,PROD001,20335.4,22.64,460393.46,27
OC000544,2024-05-18,2024-05-01,PROV008,PROD003,17929.53,27.52,493420.67,17
OC000545,2024-05-06,2024-05-01,PROV012,PROD030,58.17,40.12,2333.78,45
OC000546,2024-05-05,2024-05-01,PROV010,PROD009,3688.79,229.28,845765.77,10
OC000547,2024-05-14,2024-05-01,PROV001,PROD002,29383.02,19.86,583546.78,28
OC000548,2024-05-21,2024-05-01,PROV004,PROD010,3400.42,230.64,784272.87,13
OC000549,2024-05-15,2024-05-01,PROV006,PROD020,826.91,27.64,22855.79,14
OC000550,2024-05-07,2024-05-01,PROV007,PROD008,3682.78,21.95,80837.02,27
OC000551,2024-05-01,2024-05-01,PROV002,PROD004,11536.14,27.27,314590.54,27
OC000552,2024-05-23,2024-05-01,PROV009,PROD005,4945.92,26.08,128989.59,25
OC000553,2024-05-11,2024-05-01,PROV011,PROD005,6134.94,26.52,162698.61,25
OC000554,2024-05-20,2024-05-01,PROV005,PROD030,124.86,39.96,4989.41,38
OC000555,2024-05-02,2024-05-01,PROV003,PROD010,3239.18,236.17,764997.14,9
OC000556,2024-05-08,2024-05-01,PROV008,PROD011,2641.44,291.49,769953.35,19
OC000557,2024-05-15,2024-05-01,PROV004,PROD010,4817.01,237.81,1145533.15,26
OC000558,2024-05-20,2024-05-01,PROV011,PROD021,2175.71,42.86,93250.93,22
OC000559,2024-05-17,2024-05-01,PROV003,PROD016,1043.95,252.79,263900.12,9
OC000560,2024-05-03,2024-05-01,PROV009,PROD002,25453.84,19.93,507295.03,25
OC000561,2024-05-18,2024-05-01,PROV004,PROD001,17573.82,23.61,414917.89,16
OC000562,2024-05-03,2024-05-01,PROV012,PROD009,3728.8,230.11,858034.17,56
OC000563,2024-05-08,2024-05-01,PROV002,PROD007,3290.86,26.47,87109.06,7
OC000564,2024-05-03,2024-05-01,PROV008,PROD019,918.09,33.28,30554.04,27
OC000565,2024-05-04,2024-05-01,PROV010,PROD003,17355.33,26.01,451412.13,12
OC000566,2024-05-12,2024-05-01,PROV008,PROD010,4885.87,220.33,1076503.74,18
OC000567,2024-05-17,2024-05-01,PROV007,PROD005,8057.28,26.69,215048.8,7
OC000568,2024-05-05,2024-05-01,PROV012,PROD016,1160.22,264.08,306390.9,48
OC000569,2024-05-21,2024-05-01,PROV003,PROD032,1034.85,37.97,39293.25,6
OC000570,2024-05-01,2024-05-01,PROV010,PROD010,3236.47,225.59,730115.27,22
OC000571,2024-05-01,2024-05-01,PROV010,PROD016,1051.12,263.5,276970.12,10
OC000572,2024-05-03,2024-05-01,PROV004,PROD005,6002.27,27.19,163201.72,12
OC000573,2024-05-01,2024-05-01,PROV010,PROD004,8178.27,23.83,194888.17,12
OC000574,2024-05-05,2024-05-01,PROV003,PROD009,1211.32,250.96,303992.87,26
OC000575,2024-05-22,2024-05-01,PROV010,PROD014,428.61,199.71,85597.7,26
OC000576,2024-05-05,2024-05-01,PROV012,PROD009,2645.81,259.62,686905.19,58
OC000577,2024-05-13,2024-05-01,PROV006,PROD006,13136.05,18.4,241703.32,19
OC000578,2024-05-22,2024-05-01,PROV003,PROD008,3682.39,20.45,75304.88,22
OC000579,2024-05-03,2024-05-01,PROV001,PROD004,9759.2,26.95,263010.44,23
OC000580,2024-06-12,2024-06-01,PROV006,PROD002,16319.56,22.09,360499.08,11
OC000581,2024-06-16,2024-06-01,PROV008,PROD025,278.45,18.07,5031.59,5
OC000582,2024-06-03,2024-06-01,PROV003,PROD001,12657.59,22.99,290997.99,21
OC000583,2024-06-10,2024-06-01,PROV006,PROD003,12705.11,23.78,302127.52,15
OC000584,2024-06-07,2024-06-01,PROV005,PROD015,338.67,228.31,77321.75,49
OC000585,2024-06-05,2024-06-01,PROV012,PROD005,7081.03,25.45,180212.21,40
OC000586,2024-06-14,2024-06-01,PROV007,PROD010,2803.24,251.89,706108.12,18
OC000587,2024-06-15,2024-06-01,PROV004,PROD003,13705.05,24.46,335225.52,17
OC000588,2024-06-22,2024-06-01,PROV003,PROD008,3286.41,21.95,72136.7,8
OC000589,2024-06-22,2024-06-01,PROV001,PROD002,21715.52,22.41,486644.8,4
OC000590,2024-06-16,2024-06-01,PROV011,PROD002,20592.7,21.08,434094.12,11
OC000591,2024-06-21,2024-06-01,PROV011,PROD017,235.34,296.46,69768.9,19
OC000592,2024-06-21,2024-06-01,PROV006,PROD001,12404.26,21.54,267187.76,7
OC000593,2024-06-07,2024-06-01,PROV008,PROD008,3017.14,19.54,58954.92,27
OC000594,2024-06-01,2024-06-01,PROV010,PROD017,511.25,289.04,147771.7,20
OC000595,2024-06-24,2024-06-01,PROV011,PROD001,3742.67,21.14,79120.04,28
OC000596,2024-06-03,2024-06-01,PROV009,PROD022,1929.58,37.36,72089.11,9
OC000597,2024-06-18,2024-06-01,PROV004,PROD016,493.99,280.12,138376.48,21
OC000598,2024-06-03,2024-06-01,PROV002,PROD029,24.34,40.84,994.05,19
OC000599,2024-06-03,2024-06-01,PROV002,PROD007,5834.43,24.51,143001.88,13
OC000600,2024-06-07,2024-06-01,PROV011,PROD005,2755.71,27.46,75671.8,6
OC000601,2024-06-20,2024-06-01,PROV011,PROD023,724.32,34.89,25271.52,25
OC000602,2024-06-18,2024-06-01,PROV003,PROD001,12164.67,23.55,286477.98,9
OC000603,2024-06-04,2024-06-01,PROV012,PROD001,13555.68,22.38,303376.12,60
OC000604,2024-06-10,2024-06-01,PROV001,PROD015,604.7,218.14,131909.26,27
OC000605,2024-06-07,2024-06-01,PROV012,PROD019,533.6,33.37,17806.23,53
OC000606,2024-06-08,2024-06-01,PROV003,PROD001,15060.49,22.58,340065.86,12
OC000607,2024-06-03,2024-06-01,PROV012,PROD019,1148.62,29.85,34286.31,54
OC000608,2024-06-20,2024-06-01,PROV010,PROD001,7870.8,22.45,176699.46,16
OC000609,2024-06-03,2024-06-01,PROV011,PROD026,139.8,22.98,3212.6,9
OC000610,2024-06-24,2024-06-01,PROV003,PROD026,366.77,20.56,7540.79,18
OC000611,2024-06-02,2024-06-01,PROV004,PROD025,245.0,18.83,4613.35,26
OC000612,2024-06-03,2024-06-01,PROV003,PROD013,306.67,190.81,58515.7,26
OC000613,2024-06-01,2024-06-01,PROV010,PROD004,7023.13,26.17,183795.31,13
OC000614,2024-07-02,2024-07-01,PROV002,PROD002,17970.8,21.56,387450.45,16
OC000615,2024-07-13,2024-07-01,PROV007,PROD002,18558.43,19.65,364673.15,10
OC000616,2024-07-15,2024-07-01,PROV008,PROD008,5494.52,22.35,122802.52,26
OC000617,2024-07-15,2024-07-01,PROV002,PROD012,782.48,301.4,235839.47,16
OC000618,2024-07-03,2024-07-01,PROV006,PROD022,1237.84,41.87,51828.36,21
OC000619,2024-07-10,2024-07-01,PROV007,PROD010,2796.49,227.7,636760.77,4
OC000620,2024-07-13,2024-07-01,PROV009,PROD015,272.4,213.94,58277.26,21
OC000621,2024-07-10,2024-07-01,PROV001,PROD018,173.0,368.25,63707.25,6
OC000622,2024-07-18,2024-07-01,PROV008,PROD009,1118.25,241.56,270124.47,25
OC000623,2024-07-07,2024-07-01,PROV011,PROD001,11842.98,23.92,283284.08,4
OC000624,2024-07-09,2024-07-01,PROV012,PROD022,564.29,38.45,21696.95,43
OC000625,2024-07-22,2024-07-01,PROV010,PROD002,6211.92,19.34,120138.53,17
OC000626,2024-07-09,2024-07-01,PROV010,PROD003,7943.14,26.39,209619.46,25
OC000627,2024-07-18,2024-07-01,PROV003,PROD008,8350.62,21.78,181876.5,16
OC000628,2024-07-21,2024-07-01,PROV004,PROD028,80.47,34.66,2789.09,7
OC000629,2024-07-03,2024-07-01,PROV004,PROD008,6540.99,22.67,148284.24,4
OC000630,2024-07-15,2024-07-01,PROV011,PROD006,8740.69,18.92,165373.85,4
OC000631,2024-07-18,2024-07-01,PROV001,PROD005,2854.62,25.31,72250.43,26
OC000632,2024-07-15,2024-07-01,PROV002,PROD002,19606.42,22.62,443497.22,11
OC000633,2024-07-11,2024-07-01,PROV011,PROD001,12975.26,20.87,270793.68,22
OC000634,2024-07-19,2024-07-01,PROV003,PROD017,277.76,300.14,83366.89,15
OC000635,2024-07-12,2024-07-01,PROV005,PROD009,1649.09,228.11,376173.92,34
OC000636,2024-07-23,2024-07-01,PROV003,PROD010,1527.44,216.67,330950.42,8
OC000637,2024-07-05,2024-07-01,PROV009,PROD011,1293.43,288.26,372844.13,26
OC000638,2024-07-14,2024-07-01,PROV001,PROD001,7971.08,21.28,169624.58,23
OC000639,2024-07-06,2024-07-01,PROV001,PROD023,702.77,36.02,25313.78,16
OC000640,2024-07-05,2024-07-01,PROV012,PROD005,5788.58,28.4,164395.67,58
OC000641,2024-07-18,2024-07-01,PROV004,PROD005,8521.96,27.88,237592.24,9
OC000642,2024-07-18,2024-07-01,PROV008,PROD026,118.06,23.29,2749.62,6
OC000643,2024-07-03,2024-07-01,PROV006,PROD014,907.57,191.47,173772.43,24
OC000644,2024-07-21,2024-07-01,PROV006,PROD018,120.96,344.2,41634.43,12
OC000645,2024-07-07,2024-07-01,PROV003,PROD010,1204.58,233.82,281654.9,25
OC000646,2024-07-13,2024-07-01,PROV002,PROD024,418.67,34.0,14234.78,9
OC000647,2024-07-22,2024-07-01,PROV003,PROD003,11122.84,26.68,296757.37,10
OC000648,2024-07-01,2024-07-01,PROV011,PROD015,359.11,237.77,85385.58,6
OC000649,2024-07-15,2024-07-01,PROV008,PROD008,4554.66,20.05,91320.93,5
OC000650,2024-07-06,2024-07-01,PROV005,PROD009,2295.54,235.06,539589.63,57
OC000651,2024-08-12,2024-08-01,PROV011,PROD013,616.14,186.19,114719.11,20
OC000652,2024-08-01,2024-08-01,PROV012,PROD028,151.28,35.17,5320.52,44
OC000653,2024-08-17,2024-08-01,PROV008,PROD004,2948.37,25.64,75596.21,11
OC000654,2024-08-24,2024-08-01,PROV005,PROD015,1024.78,214.63,219948.53,53
OC000655,2024-08-08,2024-08-01,PROV012,PROD004,6096.03,24.11,146975.28,43
OC000656,2024-08-24,2024-08-01,PROV009,PROD003,12975.3,25.81,334892.49,16
OC000657,2024-08-14,2024-08-01,PROV008,PROD004,10231.86,25.4,259889.24,21
OC000658,2024-08-14,2024-08-01,PROV010,PROD009,2324.51,256.2,595539.46,23
OC000659,2024-08-04,2024-08-01,PROV005,PROD005,3300.11,28.41,93756.13,37
OC000660,2024-08-20,2024-08-01,PROV002,PROD005,2625.5,26.91,70652.21,5
OC000661,2024-08-20,2024-08-01,PROV009,PROD016,574.39,252.66,145125.38,9
OC000662,2024-08-01,2024-08-01,PROV010,PROD020,743.91,26.06,19386.29,5
OC000663,2024-08-06,2024-08-01,PROV012,PROD001,15986.92,21.67,346436.56,62
OC000664,2024-08-18,2024-08-01,PROV003,PROD020,877.11,26.47,23217.1,21
OC000665,2024-08-03,2024-08-01,PROV001,PROD013,319.98,190.04,60809.0,13
OC000666,2024-08-14,2024-08-01,PROV006,PROD008,2769.37,22.15,61341.55,15
OC000667,2024-08-03,2024-08-01,PROV005,PROD019,735.69,31.32,23041.81,54
OC000668,2024-08-20,2024-08-01,PROV005,PROD022,1196.11,39.32,47031.05,41
OC000669,2024-08-14,2024-08-01,PROV004,PROD010,2718.65,221.31,601664.43,25
OC000670,2024-08-11,2024-08-01,PROV008,PROD010,2226.16,225.02,500930.52,7
OC000671,2024-08-20,2024-08-01,PROV008,PROD002,6727.84,19.47,130991.04,6
OC000672,2024-08-17,2024-08-01,PROV001,PROD005,2050.24,26.99,55335.98,16
OC000673,2024-08-07,2024-08-01,PROV009,PROD015,926.74,245.19,227227.38,28
OC000674,2024-08-09,2024-08-01,PROV006,PROD014,790.01,193.75,153064.44,22
OC000675,2024-08-17,2024-08-01,PROV012,PROD006,6945.3,20.38,141545.21,58
OC000676,2024-08-06,2024-08-01,PROV010,PROD014,605.16,207.77,125734.09,20
OC000677,2024-08-15,2024-08-01,PROV007,PROD011,1411.07,279.09,393815.53,19
OC000678,2024-08-04,2024-08-01,PROV012,PROD015,782.5,217.91,170514.58,34
OC000679,2024-08-14,2024-08-01,PROV011,PROD015,661.84,212.33,140528.49,9
OC000680,2024-08-01,2024-08-01,PROV004,PROD016,531.03,257.13,136543.74,10
OC000681,2024-08-03,2024-08-01,PROV001,PROD013,701.25,189.19,132669.49,16
OC000682,2024-08-14,2024-08-01,PROV006,PROD005,3478.53,25.81,89780.86,12
OC000683,2024-08-16,2024-08-01,PROV006,PROD007,2941.14,24.8,72940.27,25
OC000684,2024-09-22,2024-09-01,PROV004,PROD009,2621.52,231.3,606357.58,5
OC000685,2024-09-19,2024-09-01,PROV006,PROD016,427.88,256.58,109785.45,20
OC000686,2024-09-05,2024-09-01,PROV010,PROD016,955.5,274.86,262628.73,25
OC000687,2024-09-16,2024-09-01,PROV002,PROD002,16110.41,20.02,322530.41,7
OC000688,2024-09-24,2024-09-01,PROV012,PROD016,729.81,261.73,191013.17,59
OC000689,2024-09-06,2024-09-01,PROV012,PROD004,4413.96,27.39,120898.36,48
OC000690,2024-09-01,2024-09-01,PROV008,PROD004,5412.09,24.3,131513.79,16
OC000691,2024-09-17,2024-09-01,PROV006,PROD009,1627.73,251.86,409960.08,28
OC000692,2024-09-09,2024-09-01,PROV008,PROD007,2651.74,26.13,69289.97,27
OC000693,2024-09-03,2024-09-01,PROV004,PROD008,6838.05,21.93,149958.44,4
OC000694,2024-09-01,2024-09-01,PROV007,PROD008,7789.36,22.12,172300.64,4
OC000695,2024-09-13,2024-09-01,PROV002,PROD018,361.95,338.39,122480.26,6
OC000696,2024-09-20,2024-09-01,PROV001,PROD008,5732.89,19.62,112479.3,6
OC000697,2024-09-03,2024-09-01,PROV011,PROD021,1927.16,43.96,84717.95,6
OC000698,2024-09-23,2024-09-01,PROV009,PROD010,1649.82,241.65,398679.0,26
OC000699,2024-09-07,2024-09-01,PROV002,PROD021,1154.48,41.93,48407.35,11
OC000700,2024-09-22,2024-09-01,PROV006,PROD004,4626.37,26.78,123894.19,26
OC000701,2024-09-02,2024-09-01,PROV003,PROD016,290.04,271.68,78798.07,22
OC000702,2024-09-05,2024-09-01,PROV004,PROD028,151.8,33.93,5150.57,11
OC000703,2024-09-04,2024-09-01,PROV007,PROD007,6820.02,25.69,175206.31,24
OC000704,2024-09-24,2024-09-01,PROV004,PROD003,17146.68,27.29,467932.9,17
OC000705,2024-09-21,2024-09-01,PROV004,PROD001,11590.94,21.0,243409.74,25
OC000706,2024-09-12,2024-09-01,PROV004,PROD009,919.77,256.81,236206.13,27
OC000707,2024-09-08,2024-09-01,PROV009,PROD004,6157.48,25.38,156276.84,13
OC000708,2024-09-22,2024-09-01,PROV008,PROD005,6556.32,25.74,168759.68,21
OC000709,2024-09-08,2024-09-01,PROV002,PROD023,335.56,36.18,12140.56,13
OC000710,2024-10-11,2024-10-01,PROV006,PROD022,1191.1,38.74,46143.21,27
OC000711,2024-10-01,2024-10-01,PROV001,PROD008,3790.59,20.36,77176.41,19
OC000712,2024-10-15,2024-10-01,PROV003,PROD023,1218.88,36.19,44111.27,7
OC000713,2024-10-09,2024-10-01,PROV009,PROD017,282.29,276.38,78019.31,18
OC000714,2024-10-08,2024-10-01,PROV010,PROD013,467.54,186.94,87401.93,12
OC000715,2024-10-11,2024-10-01,PROV004,PROD025,240.61,18.41,4429.63,16
OC000716,2024-10-15,2024-10-01,PROV010,PROD011,1990.69,283.33,564022.2,24
OC000717,2024-10-02,2024-10-01,PROV005,PROD002,20222.63,21.81,441055.56,54
OC000718,2024-10-06,2024-10-01,PROV011,PROD020,538.04,27.38,14731.54,9
OC000719,2024-10-07,2024-10-01,PROV007,PROD026,159.75,21.55,3442.61,25
OC000720,2024-10-08,2024-10-01,PROV002,PROD025,121.65,17.61,2142.26,11
OC000721,2024-10-01,2024-10-01,PROV012,PROD016,715.61,291.29,208450.04,46
OC000722,2024-10-20,2024-10-01,PROV010,PROD014,1325.2,206.98,274289.9,13
OC000723,2024-10-13,2024-10-01,PROV001,PROD001,19701.49,20.68,407426.81,28
OC000724,2024-10-16,2024-10-01,PROV002,PROD010,3482.54,222.04,773263.18,18
OC000725,2024-10-20,2024-10-01,PROV005,PROD014,1901.3,201.4,382921.82,34
OC000726,2024-10-02,2024-10-01,PROV002,PROD013,608.56,170.19,103570.83,19
OC000727,2024-10-12,2024-10-01,PROV010,PROD014,1973.56,191.03,377009.17,11
OC000728,2024-10-03,2024-10-01,PROV005,PROD009,3848.49,257.16,989677.69,58
OC000729,2024-10-07,2024-10-01,PROV005,PROD015,433.08,232.52,100699.76,64
OC000730,2024-10-22,2024-10-01,PROV004,PROD022,502.81,40.32,20273.3,24
OC000731,2024-10-16,2024-10-01,PROV006,PROD013,719.07,163.99,117920.29,5
OC000732,2024-10-09,2024-10-01,PROV010,PROD023,953.99,34.25,32674.16,12
OC000733,2024-10-19,2024-10-01,PROV008,PROD005,11348.57,27.37,310610.36,27
OC000734,2024-10-19,2024-10-01,PROV004,PROD008,12433.73,19.55,243079.42,4
OC000735,2024-10-07,2024-10-01,PROV001,PROD010,1900.02,216.71,411753.33,26
OC000736,2024-10-13,2024-10-01,PROV009,PROD017,784.43,288.63,226410.03,24
OC000737,2024-10-10,2024-10-01,PROV007,PROD007,7434.99,24.46,181859.86,27
OC000738,2024-10-24,2024-10-01,PROV006,PROD003,6327.86,23.93,151425.69,27
OC000739,2024-10-07,2024-10-01,PROV010,PROD007,8268.59,24.34,201257.48,13
OC000740,2024-10-03,2024-10-01,PROV002,PROD015,620.0,237.18,147051.6,9
OC000741,2024-10-21,2024-10-01,PROV002,PROD017,768.61,263.29,202367.33,22
OC000742,2024-11-10,2024-11-01,PROV005,PROD009,1367.53,241.0,329574.73,59
OC000743,2024-11-21,2024-11-01,PROV008,PROD022,1407.66,41.71,58713.5,25
OC000744,2024-11-14,2024-11-01,PROV006,PROD007,2142.24,26.43,56619.4,14
OC000745,2024-11-02,2024-11-01,PROV003,PROD009,1200.67,235.16,282349.56,21
OC000746,2024-11-10,2024-11-01,PROV004,PROD014,1292.19,209.43,270623.35,26
OC000747,2024-11-22,2024-11-01,PROV005,PROD002,8753.14,20.64,180664.81,33
OC000748,2024-11-21,2024-11-01,PROV003,PROD019,1441.21,32.25,46479.02,6
OC000749,2024-11-21,2024-11-01,PROV002,PROD005,4512.63,27.1,122292.27,13
OC000750,2024-11-14,2024-11-01,PROV006,PROD013,579.82,165.62,96029.79,15
OC000751,2024-11-16,2024-11-01,PROV009,PROD014,766.63,206.5,158309.1,25
OC000752,2024-11-01,2024-11-01,PROV007,PROD030,66.83,37.08,2478.06,14
OC000753,2024-11-15,2024-11-01,PROV001,PROD022,688.96,37.31,25705.1,28
OC000754,2024-11-05,2024-11-01,PROV012,PROD021,785.78,40.21,31596.21,40
OC000755,2024-11-03,2024-11-01,PROV004,PROD010,2218.73,250.9,556679.36,4
OC000756,2024-11-07,2024-11-01,PROV008,PROD021,597.72,40.04,23932.71,6
OC000757,2024-11-11,2024-11-01,PROV008,PROD023,1045.33,35.54,37151.03,10
OC000758,2024-11-14,2024-11-01,PROV011,PROD025,128.05,17.77,2275.45,19
OC000759,2024-11-19,2024-11-01,PROV009,PROD016,904.75,292.17,264340.81,12
OC000760,2024-11-24,2024-11-01,PROV003,PROD004,12985.9,25.61,332568.9,19
OC000761,2024-11-04,2024-11-01,PROV010,PROD009,2825.7,239.17,675822.67,5
OC000762,2024-11-09,2024-11-01,PROV004,PROD019,1968.24,30.31,59657.35,27
OC000763,2024-11-15,2024-11-01,PROV009,PROD025,232.21,16.21,3764.12,8
OC000764,2024-11-18,2024-11-01,PROV010,PROD026,426.82,23.19,9897.96,14
OC000765,2024-11-17,2024-11-01,PROV004,PROD020,1024.47,27.21,27875.83,6
OC000766,2024-11-18,2024-11-01,PROV004,PROD004,11570.81,25.19,291468.7,18
OC000767,2024-11-22,2024-11-01,PROV006,PROD008,7965.92,21.69,172780.8,8
OC000768,2024-11-20,2024-11-01,PROV012,PROD017,388.99,293.4,114129.67,62
OC000769,2024-11-08,2024-11-01,PROV011,PROD016,375.35,269.81,101273.18,5
OC000770,2024-11-19,2024-11-01,PROV011,PROD016,756.53,268.86,203400.66,9
OC000771,2024-11-21,2024-11-01,PROV009,PROD005,8136.37,25.92,210894.71,21
OC000772,2024-12-21,2024-12-01,PROV001,PROD001,9282.41,21.25,197251.21,18
OC000773,2024-12-05,2024-12-01,PROV010,PROD004,4201.19,23.91,100450.45,25
OC000774,2024-12-14,2024-12-01,PROV010,PROD001,9942.9,22.19,220632.95,28
OC000775,2024-12-11,2024-12-01,PROV002,PROD003,7739.02,26.62,206012.71,5
OC000776,2024-12-21,2024-12-01,PROV004,PROD022,1212.68,39.56,47973.62,16
OC000777,2024-12-03,2024-12-01,PROV010,PROD023,365.9,36.66,13413.89,21
OC000778,2024-12-19,2024-12-01,PROV004,PROD004,11010.7,24.65,271413.76,27
OC000779,2024-12-23,2024-12-01,PROV003,PROD012,498.4,297.34,148194.26,4
OC000780,2024-12-11,2024-12-01,PROV008,PROD002,8280.58,19.82,164121.1,17
OC000781,2024-12-04,2024-12-01,PROV002,PROD013,563.86,183.37,103395.01,12
OC000782,2024-12-03,2024-12-01,PROV007,PROD016,205.15,267.3,54836.6,6
OC000783,2024-12-06,2024-12-01,PROV010,PROD003,7912.02,25.09,198512.58,9
OC000784,2024-12-22,2024-12-01,PROV002,PROD006,6856.81,19.12,131102.21,9
OC000785,2024-12-21,2024-12-01,PROV011,PROD017,395.97,278.84,110412.27,12
OC000786,2024-12-01,2024-12-01,PROV006,PROD003,6724.57,27.61,185665.38,16
OC000787,2024-12-11,2024-12-01,PROV007,PROD032,259.58,35.72,9272.2,21
OC000788,2024-12-15,2024-12-01,PROV001,PROD001,6216.14,23.06,143344.19,17
OC000789,2024-12-11,2024-12-01,PROV006,PROD003,8000.35,23.86,190888.35,8
OC000790,2024-12-08,2024-12-01,PROV006,PROD020,1006.53,28.58,28766.63,15
OC000791,2024-12-20,2024-12-01,PROV009,PROD012,736.54,303.55,223576.72,15
OC000792,2024-12-05,2024-12-01,PROV002,PROD007,5938.33,26.26,155940.55,8
OC000793,2024-12-06,2024-12-01,PROV003,PROD001,8690.3,21.93,190578.28,28
OC000794,2024-12-19,2024-12-01,PROV007,PROD007,6606.55,25.32,167277.85,11
OC000795,2024-12-04,2024-12-01,PROV012,PROD025,187.22,17.89,3349.37,36
OC000796,2024-12-18,2024-12-01,PROV009,PROD002,3881.49,20.92,81200.77,10
OC000797,2024-12-11,2024-12-01,PROV004,PROD003,5665.56,24.84,140732.51,18
OC000798,2024-12-13,2024-12-01,PROV005,PROD001,6003.25,21.89,131411.14,54
OC000799,2024-12-15,2024-12-01,PROV012,PROD001,6047.15,20.76,125538.83,40
OC000800,2024-12-10,2024-12-01,PROV012,PROD001,9342.9,23.9,223295.31,47
OC000801,2024-12-21,2024-12-01,PROV011,PROD027,131.36,31.74,4169.37,5
OC000802,2024-12-18,2024-12-01,PROV010,PROD009,1967.34,255.15,501966.8,16
OC000803,2024-12-14,2024-12-01,PROV009,PROD007,6418.69,24.95,160146.32,9
OC000804,2024-12-01,2024-12-01,PROV002,PROD001,11952.66,22.93,274074.49,9
OC000805,2024-12-17,2024-12-01,PROV004,PROD019,474.82,29.62,14064.17,18
OC000806,2024-12-15,2024-12-01,PROV002,PROD023,1000.83,34.61,34638.73,23
OC000807,2024-12-11,2024-12-01,PROV005,PROD021,1192.38,39.7,47337.49,58
OC000808,2024-12-03,2024-12-01,PROV005,PROD021,546.67,43.49,23774.68,32
OC000809,2024-12-04,2024-12-01,PROV008,PROD014,911.96,199.95,182346.4,18
OC000810,2024-12-20,2024-12-01,PROV004,PROD028,26.05,34.52,899.25,7
OC000811,2024-12-09,2024-12-01,PROV006,PROD014,335.28,211.81,71015.66,25
OC000812,2024-12-22,2024-12-01,PROV002,PROD019,1012.54,30.29,30669.84,12
OC000813,2025-01-16,2025-01-01,PROV008,PROD022,787.6,37.66,29661.02,13
OC000814,2025-01-20,2025-01-01,PROV007,PROD015,675.45,233.85,157953.98,28
OC000815,2025-01-17,2025-01-01,PROV002,PROD019,663.49,32.67,21676.22,20
OC000816,2025-01-16,2025-01-01,PROV012,PROD013,342.47,180.81,61922.0,50
OC000817,2025-01-05,2025-01-01,PROV011,PROD007,2132.66,25.58,54553.44,9
OC000818,2025-01-24,2025-01-01,PROV002,PROD020,687.63,27.89,19178.0,22
OC000819,2025-01-12,2025-01-01,PROV004,PROD001,4868.38,20.8,101262.3,9
OC000820,2025-01-04,2025-01-01,PROV008,PROD020,694.95,29.88,20765.11,25
OC000821,2025-01-10,2025-01-01,PROV003,PROD022,659.93,41.07,27103.33,21
OC000822,2025-01-06,2025-01-01,PROV009,PROD006,6989.09,18.36,128319.69,28
OC000823,2025-01-06,2025-01-01,PROV004,PROD004,5111.05,24.21,123738.52,8
OC000824,2025-01-18,2025-01-01,PROV001,PROD006,4556.07,20.99,95631.91,7
OC000825,2025-01-05,2025-01-01,PROV004,PROD019,621.47,32.56,20235.06,16
OC000826,2025-01-02,2025-01-01,PROV003,PROD025,68.46,16.32,1117.27,14
OC000827,2025-01-24,2025-01-01,PROV004,PROD024,186.38,32.5,6057.35,13
OC000828,2025-01-20,2025-01-01,PROV003,PROD006,8699.48,17.98,156416.65,9
OC000829,2025-01-16,2025-01-01,PROV011,PROD001,5080.84,20.75,105427.43,18
OC000830,2025-01-01,2025-01-01,PROV011,PROD009,1486.86,258.38,384174.89,20
OC000831,2025-01-18,2025-01-01,PROV003,PROD001,6073.09,20.76,126077.35,6
OC000832,2025-01-04,2025-01-01,PROV002,PROD015,300.9,225.5,67852.95,17
OC000833,2025-01-02,2025-01-01,PROV001,PROD005,1972.05,28.65,56499.23,6
OC000834,2025-01-21,2025-01-01,PROV010,PROD020,575.79,30.18,17377.34,24
OC000835,2025-01-19,2025-01-01,PROV005,PROD008,5030.65,20.2,101619.13,40
OC000836,2025-01-13,2025-01-01,PROV004,PROD008,2276.57,21.33,48559.24,27
OC000837,2025-01-02,2025-01-01,PROV004,PROD002,13180.76,21.5,283386.34,26
OC000838,2025-01-01,2025-01-01,PROV010,PROD017,330.93,303.72,100510.06,26
OC000839,2025-01-13,2025-01-01,PROV009,PROD021,714.94,38.28,27367.9,7
OC000840,2025-01-09,2025-01-01,PROV004,PROD021,491.81,43.18,21236.36,28
OC000841,2025-01-01,2025-01-01,PROV005,PROD022,410.11,37.86,15526.76,52
OC000842,2025-01-08,2025-01-01,PROV007,PROD014,736.94,209.51,154396.3,28
OC000843,2025-01-07,2025-01-01,PROV009,PROD021,1314.07,41.39,54389.36,10
OC000844,2025-01-22,2025-01-01,PROV002,PROD002,10776.77,19.36,208638.27,20
OC000845,2025-01-01,2025-01-01,PROV002,PROD011,668.75,302.23,202116.31,17
OC000846,2025-01-05,2025-01-01,PROV003,PROD019,997.51,28.57,28498.86,12
OC000847,2025-01-10,2025-01-01,PROV004,PROD011,325.42,297.85,96926.35,18
OC000848,2025-01-19,2025-01-01,PROV011,PROD025,57.89,16.65,963.87,22
OC000849,2025-01-14,2025-01-01,PROV003,PROD009,440.78,258.22,113818.21,16
OC000850,2025-01-01,2025-01-01,PROV011,PROD002,14003.29,22.14,310032.84,24
OC000851,2025-02-20,2025-02-01,PROV008,PROD007,2163.98,25.44,55051.65,16
OC000852,2025-02-08,2025-02-01,PROV004,PROD020,433.26,29.9,12954.47,12
OC000853,2025-02-03,2025-02-01,PROV004,PROD005,3395.53,25.68,87197.21,28
OC000854,2025-02-09,2025-02-01,PROV003,PROD009,1247.99,256.34,319909.76,19
OC000855,2025-02-05,2025-02-01,PROV004,PROD002,15373.6,20.52,315466.27,19
OC000856,2025-02-04,2025-02-01,PROV007,PROD028,98.18,34.67,3403.9,27
OC000857,2025-02-05,2025-02-01,PROV012,PROD009,2613.55,243.63,636739.19,47
OC000858,2025-02-24,2025-02-01,PROV007,PROD010,2526.26,223.54,564720.16,13
OC000859,2025-02-07,2025-02-01,PROV002,PROD015,346.95,236.02,81887.14,24
OC000860,2025-02-21,2025-02-01,PROV009,PROD010,2477.96,235.27,582989.65,25
OC000861,2025-02-15,2025-02-01,PROV012,PROD003,6847.81,25.31,173318.07,66
OC000862,2025-02-06,2025-02-01,PROV012,PROD018,98.85,352.37,34831.77,39
OC000863,2025-02-15,2025-02-01,PROV009,PROD014,319.14,204.5,65264.13,12
OC000864,2025-02-19,2025-02-01,PROV005,PROD006,2040.47,18.16,37054.94,47
OC000865,2025-02-15,2025-02-01,PROV006,PROD014,191.85,196.74,37744.57,7
OC000866,2025-02-02,2025-02-01,PROV003,PROD021,1112.68,40.65,45230.44,4
OC000867,2025-02-24,2025-02-01,PROV008,PROD014,524.36,213.65,112029.51,6
OC000868,2025-02-11,2025-02-01,PROV005,PROD018,211.56,334.06,70673.73,42
OC000869,2025-02-09,2025-02-01,PROV005,PROD013,385.09,181.52,69901.54,46
OC000870,2025-02-07,2025-02-01,PROV006,PROD010,2203.84,235.71,519467.13,28
OC000871,2025-02-15,2025-02-01,PROV006,PROD003,8305.91,26.47,219857.44,4
OC000872,2025-02-17,2025-02-01,PROV009,PROD005,4375.76,25.93,113463.46,11
OC000873,2025-02-23,2025-02-01,PROV004,PROD021,367.02,39.94,14658.78,21
OC000874,2025-02-05,2025-02-01,PROV006,PROD005,4503.83,26.27,118315.61,21
OC000875,2025-02-23,2025-02-01,PROV011,PROD013,433.48,183.84,79690.96,28
OC000876,2025-02-01,2025-02-01,PROV001,PROD002,6742.8,21.25,143284.5,8
OC000877,2025-02-22,2025-02-01,PROV006,PROD020,288.79,28.02,8091.9,9
OC000878,2025-02-15,2025-02-01,PROV003,PROD010,1068.36,249.67,266737.44,24
OC000879,2025-02-21,2025-02-01,PROV003,PROD009,2122.38,253.48,537980.88,12
OC000880,2025-02-21,2025-02-01,PROV009,PROD005,4590.91,25.35,116379.57,6
OC000881,2025-02-18,2025-02-01,PROV001,PROD008,4446.72,20.08,89290.14,13
OC000882,2025-02-09,2025-02-01,PROV011,PROD003,8404.42,25.88,217506.39,27
OC000883,2025-03-02,2025-03-01,PROV012,PROD011,485.92,268.97,130697.9,71
OC000884,2025-03-23,2025-03-01,PROV011,PROD009,3788.67,248.43,941219.29,23
OC000885,2025-03-01,2025-03-01,PROV006,PROD020,1537.26,28.64,44027.13,12
OC000886,2025-03-17,2025-03-01,PROV006,PROD022,844.95,39.48,33358.63,28
OC000887,2025-03-12,2025-03-01,PROV010,PROD017,472.04,291.83,137755.43,15
OC000888,2025-03-13,2025-03-01,PROV001,PROD005,7281.92,28.76,209428.02,15
OC000889,2025-03-22,2025-03-01,PROV011,PROD020,1400.92,29.39,41173.04,18
OC000890,2025-03-08,2025-03-01,PROV008,PROD003,16824.97,26.54,446534.7,10
OC000891,2025-03-24,2025-03-01,PROV006,PROD002,8806.72,20.83,183443.98,12
OC000892,2025-03-10,2025-03-01,PROV008,PROD013,653.14,165.31,107970.57,24
OC000893,2025-03-17,2025-03-01,PROV006,PROD010,1900.6,241.3,458614.78,7
OC000894,2025-03-15,2025-03-01,PROV008,PROD014,909.83,209.75,190836.84,18
OC000895,2025-03-10,2025-03-01,PROV006,PROD020,409.55,29.97,12274.21,20
OC000896,2025-03-01,2025-03-01,PROV010,PROD020,1033.47,28.52,29474.56,5
OC000897,2025-03-05,2025-03-01,PROV007,PROD008,2245.77,21.62,48553.55,21
OC000898,2025-03-06,2025-03-01,PROV005,PROD006,14120.29,18.13,256000.86,67
OC000899,2025-03-06,2025-03-01,PROV006,PROD024,895.19,32.22,28843.02,18
OC000900,2025-03-23,2025-03-01,PROV002,PROD006,13911.48,19.57,272247.66,12
OC000901,2025-03-14,2025-03-01,PROV006,PROD020,647.12,26.68,17265.16,22
OC000902,2025-03-04,2025-03-01,PROV012,PROD019,981.51,31.05,30475.89,64
OC000903,2025-03-20,2025-03-01,PROV012,PROD025,302.36,16.26,4916.37,67
OC000904,2025-03-09,2025-03-01,PROV006,PROD010,1714.61,220.63,378294.4,5
OC000905,2025-03-08,2025-03-01,PROV008,PROD004,6523.12,26.5,172862.68,12
OC000906,2025-03-19,2025-03-01,PROV012,PROD013,668.24,187.22,125107.89,62
OC000907,2025-03-19,2025-03-01,PROV007,PROD007,4284.58,26.07,111699.0,21
OC000908,2025-03-24,2025-03-01,PROV007,PROD007,2321.2,23.82,55290.98,26
OC000909,2025-03-04,2025-03-01,PROV007,PROD013,1082.75,165.6,179303.4,6
OC000910,2025-03-02,2025-03-01,PROV005,PROD019,1583.84,30.07,47626.07,30
OC000911,2025-03-03,2025-03-01,PROV007,PROD006,5904.88,20.91,123471.04,23
OC000912,2025-04-13,2025-04-01,PROV010,PROD010,4246.31,224.34,952617.19,12
OC000913,2025-04-03,2025-04-01,PROV007,PROD002,16989.15,20.51,348447.47,18
OC000914,2025-04-12,2025-04-01,PROV010,PROD003,6262.86,26.26,164462.7,21
OC000915,2025-04-01,2025-04-01,PROV010,PROD010,2917.76,220.42,643132.66,11
OC000916,2025-04-07,2025-04-01,PROV006,PROD001,9552.62,22.86,218372.89,13
OC000917,2025-04-13,2025-04-01,PROV012,PROD019,777.76,31.82,24748.32,39
OC000918,2025-04-04,2025-04-01,PROV005,PROD025,104.94,16.51,1732.56,47
OC000919,2025-04-13,2025-04-01,PROV006,PROD009,2495.48,251.37,627288.81,21
OC000920,2025-04-02,2025-04-01,PROV004,PROD017,473.78,282.58,133880.75,19
OC000921,2025-04-23,2025-04-01,PROV010,PROD015,885.96,238.4,211212.86,11
OC000922,2025-04-11,2025-04-01,PROV003,PROD003,17187.08,25.51,438442.41,21
OC000923,2025-04-10,2025-04-01,PROV006,PROD013,1002.25,191.4,191830.65,22
OC000924,2025-04-24,2025-04-01,PROV010,PROD004,14807.89,26.0,385005.14,13
OC000925,2025-04-15,2025-04-01,PROV001,PROD016,423.66,290.97,123272.35,23
OC000926,2025-04-22,2025-04-01,PROV005,PROD001,15351.01,22.27,341866.99,70
OC000927,2025-04-16,2025-04-01,PROV008,PROD005,7269.64,25.6,186102.78,9
OC000928,2025-04-24,2025-04-01,PROV007,PROD026,404.64,21.67,8768.55,12
OC000929,2025-04-22,2025-04-01,PROV002,PROD001,22233.56,22.46,499365.76,9
OC000930,2025-04-01,2025-04-01,PROV008,PROD014,1218.57,201.52,245566.23,26
OC000931,2025-04-09,2025-04-01,PROV008,PROD016,264.17,256.76,67828.29,14
OC000932,2025-04-02,2025-04-01,PROV009,PROD013,991.83,190.21,188655.98,19
OC000933,2025-04-09,2025-04-01,PROV005,PROD028,94.15,36.03,3392.22,68
OC000934,2025-04-21,2025-04-01,PROV004,PROD013,974.25,181.79,177108.91,21
OC000935,2025-04-14,2025-04-01,PROV007,PROD006,9296.29,18.58,172725.07,16
OC000936,2025-04-19,2025-04-01,PROV011,PROD001,9013.98,23.94,215794.68,4
OC000937,2025-04-05,2025-04-01,PROV001,PROD009,1311.05,240.1,314783.1,27
OC000938,2025-04-21,2025-04-01,PROV003,PROD021,1052.28,43.92,46216.14,25
OC000939,2025-04-03,2025-04-01,PROV008,PROD011,1570.55,284.23,446397.43,18
OC000940,2025-04-23,2025-04-01,PROV005,PROD012,561.73,315.61,177287.61,61
OC000941,2025-04-21,2025-04-01,PROV010,PROD017,135.87,268.54,36486.53,28
OC000942,2025-04-12,2025-04-01,PROV002,PROD008,8822.68,21.56,190216.98,20
OC000943,2025-04-24,2025-04-01,PROV003,PROD011,795.85,278.73,221827.27,20
OC000944,2025-04-12,2025-04-01,PROV008,PROD002,22020.9,20.03,441078.63,11
OC000945,2025-04-02,2025-04-01,PROV008,PROD018,205.42,372.66,76551.82,28
OC000946,2025-04-22,2025-04-01,PROV004,PROD023,1460.73,34.31,50117.65,12
OC000947,2025-04-24,2025-04-01,PROV009,PROD022,2539.35,36.48,92635.49,14
OC000948,2025-04-24,2025-04-01,PROV004,PROD010,3974.67,221.29,879554.72,25
OC000949,2025-04-24,2025-04-01,PROV005,PROD015,475.16,212.35,100900.23,58
OC000950,2025-04-22,2025-04-01,PROV012,PROD006,7255.75,18.85,136770.89,49
OC000951,2025-04-03,2025-04-01,PROV008,PROD019,577.01,30.93,17846.92,4
OC000952,2025-04-16,2025-04-01,PROV002,PROD008,6618.66,19.57,129527.18,21
OC000953,2025-05-15,2025-05-01,PROV001,PROD014,2025.28,190.31,385431.04,25
OC000954,2025-05-01,2025-05-01,PROV010,PROD022,2053.07,36.39,74711.22,4
OC000955,2025-05-03,2025-05-01,PROV001,PROD013,890.17,189.17,168393.46,10
OC000956,2025-05-16,2025-05-01,PROV006,PROD001,11943.12,21.3,254388.46,5
OC000957,2025-05-22,2025-05-01,PROV002,PROD018,118.73,338.51,40191.29,4
OC000958,2025-05-17,2025-05-01,PROV009,PROD002,10040.98,21.65,217387.22,9
OC000959,2025-05-08,2025-05-01,PROV009,PROD019,1575.7,30.36,47838.25,16
OC000960,2025-05-15,2025-05-01,PROV008,PROD006,7947.54,18.31,145519.46,18
OC000961,2025-05-10,2025-05-01,PROV007,PROD026,229.62,22.52,5171.04,5
OC000962,2025-05-17,2025-05-01,PROV008,PROD022,2463.36,35.99,88656.33,7
OC000963,2025-05-06,2025-05-01,PROV008,PROD002,18184.64,21.79,396243.31,5
OC000964,2025-05-08,2025-05-01,PROV004,PROD011,1130.97,273.17,308947.07,27
OC000965,2025-05-01,2025-05-01,PROV010,PROD031,31.79,72.04,2290.15,5
OC000966,2025-05-09,2025-05-01,PROV011,PROD011,1446.67,304.77,440901.62,18
OC000967,2025-05-12,2025-05-01,PROV005,PROD011,1326.75,272.4,361406.7,43
OC000968,2025-05-22,2025-05-01,PROV002,PROD028,169.63,35.11,5955.71,23
OC000969,2025-05-04,2025-05-01,PROV001,PROD010,3813.55,236.58,902209.66,21
OC000970,2025-05-21,2025-05-01,PROV006,PROD015,1495.53,240.95,360347.95,6
OC000971,2025-05-23,2025-05-01,PROV003,PROD007,6323.82,26.64,168466.56,23
OC000972,2025-05-24,2025-05-01,PROV005,PROD003,6897.75,25.16,173547.39,50
OC000973,2025-05-23,2025-05-01,PROV011,PROD001,20738.38,23.52,487766.7,11
OC000974,2025-05-15,2025-05-01,PROV003,PROD007,4234.69,22.87,96847.36,28
OC000975,2025-05-02,2025-05-01,PROV009,PROD023,877.95,33.58,29481.56,15
OC000976,2025-05-18,2025-05-01,PROV012,PROD002,7168.94,21.1,151264.63,38
OC000977,2025-05-19,2025-05-01,PROV007,PROD008,4382.39,19.75,86552.2,15
OC000978,2025-05-04,2025-05-01,PROV005,PROD005,10690.5,28.95,309489.97,57
OC000979,2025-05-14,2025-05-01,PROV012,PROD026,196.34,20.86,4095.65,35
OC000980,2025-05-24,2025-05-01,PROV009,PROD010,2404.52,240.33,577878.29,18
OC000981,2025-05-07,2025-05-01,PROV008,PROD009,2297.64,234.88,539669.68,17
OC000982,2025-05-02,2025-05-01,PROV001,PROD017,453.13,263.27,119295.54,12
OC000983,2025-05-23,2025-05-01,PROV008,PROD009,2881.42,257.59,742224.98,16
OC000984,2025-05-05,2025-05-01,PROV010,PROD005,3506.94,28.24,99035.99,20
OC000985,2025-05-05,2025-05-01,PROV006,PROD007,3163.25,26.41,83541.43,20
OC000986,2025-05-23,2025-05-01,PROV003,PROD008,12205.4,22.28,271936.31,13
OC000987,2025-05-12,2025-05-01,PROV008,PROD001,21522.66,21.78,468763.53,20
OC000988,2025-05-10,2025-05-01,PROV002,PROD003,16276.54,25.81,420097.5,24
OC000989,2025-06-10,2025-06-01,PROV011,PROD003,11853.38,27.63,327508.89,8
OC000990,2025-06-07,2025-06-01,PROV006,PROD024,389.66,33.53,13065.3,18
OC000991,2025-06-02,2025-06-01,PROV006,PROD005,10678.19,27.57,294397.7,16
OC000992,2025-06-22,2025-06-01,PROV005,PROD023,1115.0,33.12,36928.8,44
OC000993,2025-06-08,2025-06-01,PROV007,PROD009,1947.53,244.38,475937.38,26
OC000994,2025-06-05,2025-06-01,PROV003,PROD025,63.4,18.67,1183.68,12
OC000995,2025-06-02,2025-06-01,PROV001,PROD019,2549.1,29.24,74535.68,27
OC000996,2025-06-02,2025-06-01,PROV005,PROD004,10425.61,27.2,283576.59,47
OC000997,2025-06-17,2025-06-01,PROV010,PROD005,3784.52,26.58,100592.54,21
OC000998,2025-06-08,2025-06-01,PROV010,PROD014,403.41,197.99,79871.15,6
OC000999,2025-06-18,2025-06-01,PROV009,PROD007,2350.94,22.97,54001.09,7
OC001000,2025-06-20,2025-06-01,PROV007,PROD002,17262.13,20.87,360260.65,28
OC001001,2025-06-17,2025-06-01,PROV008,PROD020,987.75,27.28,26945.82,12
OC001002,2025-06-10,2025-06-01,PROV009,PROD017,819.59,263.81,216216.04,8
OC001003,2025-06-01,2025-06-01,PROV010,PROD018,143.55,353.56,50753.54,11
OC001004,2025-06-10,2025-06-01,PROV010,PROD026,337.98,23.31,7878.31,13
OC001005,2025-06-23,2025-06-01,PROV005,PROD019,1991.65,32.14,64011.63,38
OC001006,2025-06-18,2025-06-01,PROV005,PROD004,14417.91,26.52,382362.97,39
OC001007,2025-06-05,2025-06-01,PROV006,PROD008,4753.37,21.31,101294.31,25
OC001008,2025-06-16,2025-06-01,PROV002,PROD006,2565.54,19.17,49181.4,22
OC001009,2025-06-17,2025-06-01,PROV011,PROD015,588.84,214.28,126176.64,18
OC001010,2025-06-19,2025-06-01,PROV009,PROD014,1242.88,210.05,261066.94,11
OC001011,2025-06-13,2025-06-01,PROV003,PROD024,815.9,35.12,28654.41,19
OC001012,2025-06-08,2025-06-01,PROV002,PROD027,114.93,32.34,3716.84,21
OC001013,2025-06-09,2025-06-01,PROV007,PROD011,837.91,283.72,237731.83,17
OC001014,2025-06-12,2025-06-01,PROV001,PROD015,1035.02,214.81,222332.65,10
OC001015,2025-06-08,2025-06-01,PROV009,PROD023,880.75,34.2,30121.65,6
OC001016,2025-06-18,2025-06-01,PROV003,PROD014,453.93,202.81,92061.54,21
OC001017,2025-06-01,2025-06-01,PROV003,PROD021,1659.32,42.91,71201.42,14
OC001018,2025-06-10,2025-06-01,PROV002,PROD004,7001.62,24.92,174480.37,18
OC001019,2025-06-03,2025-06-01,PROV010,PROD009,2878.75,262.51,755700.66,5
OC001020,2025-06-16,2025-06-01,PROV006,PROD003,12857.77,26.68,343045.3,22
OC001021,2025-06-08,2025-06-01,PROV003,PROD010,1584.35,239.92,380117.25,15
OC001022,2025-06-21,2025-06-01,PROV006,PROD013,502.19,186.54,93678.52,24
OC001023,2025-06-16,2025-06-01,PROV008,PROD022,1550.77,36.8,57068.34,8
OC001024,2025-06-03,2025-06-01,PROV006,PROD001,12512.27,23.97,299919.11,27
OC001025,2025-06-09,2025-06-01,PROV005,PROD027,64.38,29.81,1919.17,44
OC001026,2025-06-09,2025-06-01,PROV012,PROD003,9500.74,26.76,254239.8,44
OC001027,2025-07-24,2025-07-01,PROV011,PROD006,4819.27,18.82,90698.66,5
OC001028,2025-07-09,2025-07-01,PROV003,PROD010,2981.5,232.11,692035.97,22
OC001029,2025-07-18,2025-07-01,PROV011,PROD002,17200.91,22.4,385300.38,24
OC001030,2025-07-17,2025-07-01,PROV011,PROD010,1993.76,246.41,491282.4,20
OC001031,2025-07-05,2025-07-01,PROV006,PROD014,705.76,197.23,139197.04,5
OC001032,2025-07-04,2025-07-01,PROV004,PROD023,887.09,35.39,31394.12,4
OC001033,2025-07-15,2025-07-01,PROV004,PROD026,106.77,22.69,2422.61,16
OC001034,2025-07-15,2025-07-01,PROV002,PROD009,1861.57,236.4,440075.15,24
OC001035,2025-07-06,2025-07-01,PROV005,PROD028,170.83,36.17,6178.92,33
OC001036,2025-07-24,2025-07-01,PROV011,PROD026,251.96,22.63,5701.85,24
OC001037,2025-07-07,2025-07-01,PROV009,PROD009,1623.1,264.79,429780.65,22
OC001038,2025-07-03,2025-07-01,PROV005,PROD016,313.42,287.09,89979.75,54
OC001039,2025-07-02,2025-07-01,PROV010,PROD001,15536.9,23.69,368069.16,4
OC001040,2025-07-17,2025-07-01,PROV005,PROD001,11529.73,22.33,257458.87,29
OC001041,2025-07-04,2025-07-01,PROV005,PROD006,3986.33,18.2,72551.21,50
OC001042,2025-07-14,2025-07-01,PROV001,PROD008,6136.6,20.6,126413.96,19
OC001043,2025-07-08,2025-07-01,PROV003,PROD014,1176.51,202.73,238513.87,17
OC001044,2025-07-16,2025-07-01,PROV012,PROD017,445.05,277.19,123363.41,56
OC001045,2025-07-17,2025-07-01,PROV002,PROD004,7233.53,25.33,183225.31,18
OC001046,2025-07-14,2025-07-01,PROV004,PROD003,9533.49,27.07,258071.57,20
OC001047,2025-07-04,2025-07-01,PROV012,PROD028,75.87,37.29,2829.19,63
OC001048,2025-07-11,2025-07-01,PROV006,PROD002,17442.24,20.35,354949.58,14
OC001049,2025-07-07,2025-07-01,PROV001,PROD018,143.27,372.82,53413.92,9
OC001050,2025-07-20,2025-07-01,PROV009,PROD021,1824.34,39.61,72262.11,6
OC001051,2025-07-05,2025-07-01,PROV010,PROD023,792.9,35.9,28465.11,25
OC001052,2025-07-13,2025-07-01,PROV004,PROD006,7450.01,18.52,137974.19,9
OC001053,2025-07-19,2025-07-01,PROV002,PROD006,2494.41,18.31,45672.65,9
OC001054,2025-07-19,2025-07-01,PROV007,PROD002,20483.33,21.23,434861.1,11
OC001055,2025-07-06,2025-07-01,PROV011,PROD020,850.61,29.6,25178.06,6
OC001056,2025-07-11,2025-07-01,PROV003,PROD008,6153.99,19.8,121849.0,13
OC001057,2025-07-13,2025-07-01,PROV006,PROD007,3920.52,25.12,98483.46,6
OC001058,2025-07-04,2025-07-01,PROV002,PROD009,827.54,257.43,213033.62,7
OC001059,2025-07-07,2025-07-01,PROV008,PROD009,2355.42,244.29,575405.55,20
OC001060,2025-07-09,2025-07-01,PROV009,PROD013,414.22,181.94,75363.19,21
OC001061,2025-07-03,2025-07-01,PROV007,PROD010,2448.37,221.56,542460.86,23
OC001062,2025-08-23,2025-08-01,PROV007,PROD016,798.04,264.99,211472.62,18
OC001063,2025-08-18,2025-08-01,PROV003,PROD027,110.84,28.27,3133.45,24
OC001064,2025-08-16,2025-08-01,PROV004,PROD001,10540.84,23.36,246234.02,6
OC001065,2025-08-18,2025-08-01,PROV008,PROD015,325.59,236.3,76936.92,20
OC001066,2025-08-22,2025-08-01,PROV011,PROD022,1704.29,40.9,69705.46,12
OC001067,2025-08-14,2025-08-01,PROV005,PROD008,4890.88,21.39,104615.92,55
OC001068,2025-08-17,2025-08-01,PROV003,PROD003,14203.49,26.43,375398.24,16
OC001069,2025-08-17,2025-08-01,PROV005,PROD009,2705.34,228.11,617115.11,35
OC001070,2025-08-20,2025-08-01,PROV006,PROD029,125.09,42.64,5333.84,19
OC001071,2025-08-05,2025-08-01,PROV006,PROD022,1289.52,40.68,52457.67,8
OC001072,2025-08-19,2025-08-01,PROV011,PROD018,353.96,374.57,132582.8,20
OC001073,2025-08-04,2025-08-01,PROV011,PROD022,856.51,40.67,34834.26,8
OC001074,2025-08-15,2025-08-01,PROV006,PROD007,4840.93,24.87,120393.93,26
OC001075,2025-08-05,2025-08-01,PROV007,PROD009,3597.89,249.46,897529.64,28
OC001076,2025-08-19,2025-08-01,PROV011,PROD003,6122.52,25.72,157471.21,8
OC001077,2025-08-04,2025-08-01,PROV010,PROD010,2217.47,234.78,520617.61,11
OC001078,2025-08-12,2025-08-01,PROV006,PROD010,1373.78,221.17,303838.92,9
OC001079,2025-08-07,2025-08-01,PROV007,PROD020,1204.15,26.72,32174.89,19
OC001080,2025-08-16,2025-08-01,PROV012,PROD005,5304.36,25.86,137170.75,41
OC001081,2025-08-20,2025-08-01,PROV005,PROD014,1335.78,212.54,283906.68,50
OC001082,2025-08-18,2025-08-01,PROV002,PROD004,7847.77,25.32,198705.54,16
OC001083,2025-08-08,2025-08-01,PROV006,PROD009,3065.18,232.04,711244.37,28
OC001084,2025-08-13,2025-08-01,PROV001,PROD018,300.52,336.35,101079.9,22
OC001085,2025-08-16,2025-08-01,PROV007,PROD015,1013.82,235.8,239058.76,21
OC001086,2025-08-13,2025-08-01,PROV004,PROD004,5442.55,25.63,139492.56,13
OC001087,2025-08-07,2025-08-01,PROV005,PROD023,1358.9,36.37,49423.19,41
OC001088,2025-08-06,2025-08-01,PROV006,PROD020,708.16,29.47,20869.48,8
OC001089,2025-08-03,2025-08-01,PROV003,PROD017,262.52,284.3,74634.44,22
OC001090,2025-08-18,2025-08-01,PROV008,PROD019,872.38,31.54,27514.87,14
OC001091,2025-08-23,2025-08-01,PROV010,PROD010,2685.54,238.88,641521.8,8
OC001092,2025-08-15,2025-08-01,PROV002,PROD006,5122.63,18.78,96202.99,9
OC001093,2025-08-16,2025-08-01,PROV007,PROD012,1156.12,326.8,377820.02,18
OC001094,2025-08-03,2025-08-01,PROV012,PROD031,24.32,74.52,1812.33,64
OC001095,2025-08-24,2025-08-01,PROV002,PROD016,638.92,266.33,170163.56,28
OC001096,2025-08-24,2025-08-01,PROV003,PROD008,2719.02,20.53,55821.48,26
OC001097,2025-08-02,2025-08-01,PROV007,PROD005,3411.34,25.21,85999.88,24
OC001098,2025-08-20,2025-08-01,PROV002,PROD014,1173.05,195.81,229694.92,26
OC001099,2025-08-15,2025-08-01,PROV009,PROD013,478.53,183.25,87690.62,12
OC001100,2025-08-08,2025-08-01,PROV009,PROD008,3218.46,22.33,71868.21,9
OC001101,2025-08-09,2025-08-01,PROV002,PROD016,264.66,276.25,73112.33,23
OC001102,2025-08-22,2025-08-01,PROV011,PROD005,3505.82,26.14,91642.13,20
OC001103,2025-08-07,2025-08-01,PROV012,PROD013,671.43,174.3,117030.25,59
OC001104,2025-09-22,2025-09-01,PROV002,PROD010,3475.06,220.74,767084.74,22
OC001105,2025-09-03,2025-09-01,PROV003,PROD002,6675.31,22.02,146990.33,24
OC001106,2025-09-07,2025-09-01,PROV001,PROD005,6820.37,27.62,188378.62,10
OC001107,2025-09-03,2025-09-01,PROV011,PROD022,1339.93,37.9,50783.35,4
OC001108,2025-09-11,2025-09-01,PROV003,PROD014,1829.53,188.82,345451.85,17
OC001109,2025-09-19,2025-09-01,PROV009,PROD017,564.6,306.91,173281.39,6
OC001110,2025-09-21,2025-09-01,PROV005,PROD001,11966.1,23.59,282280.3,53
OC001111,2025-09-13,2025-09-01,PROV003,PROD028,159.52,34.31,5473.13,10
OC001112,2025-09-18,2025-09-01,PROV011,PROD015,262.24,217.07,56924.44,27
OC001113,2025-09-21,2025-09-01,PROV007,PROD020,1592.46,28.06,44684.43,14
OC001114,2025-09-17,2025-09-01,PROV007,PROD005,10165.37,28.93,294084.15,14
OC001115,2025-09-15,2025-09-01,PROV005,PROD013,238.21,170.41,40593.37,50
OC001116,2025-09-10,2025-09-01,PROV009,PROD031,89.41,80.02,7154.59,27
OC001117,2025-09-05,2025-09-01,PROV007,PROD027,138.28,28.6,3954.81,5
OC001118,2025-09-07,2025-09-01,PROV011,PROD020,2470.29,28.74,70996.13,4
OC001119,2025-09-17,2025-09-01,PROV005,PROD022,653.78,41.26,26974.96,64
OC001120,2025-09-08,2025-09-01,PROV010,PROD003,15867.32,25.74,408424.82,11
OC001121,2025-09-22,2025-09-01,PROV004,PROD011,1717.51,305.7,525042.81,14
OC001122,2025-09-07,2025-09-01,PROV011,PROD003,10069.9,24.38,245504.16,28
OC001123,2025-09-02,2025-09-01,PROV006,PROD024,863.46,31.47,27173.09,11
OC001124,2025-09-06,2025-09-01,PROV005,PROD010,5535.68,245.54,1359230.87,65
OC001125,2025-09-05,2025-09-01,PROV012,PROD002,25627.47,21.93,562010.42,37
OC001126,2025-09-15,2025-09-01,PROV008,PROD015,397.69,224.41,89245.61,13
OC001127,2025-09-12,2025-09-01,PROV005,PROD016,401.15,254.15,101952.27,33
OC001128,2025-09-14,2025-09-01,PROV007,PROD003,6008.34,26.27,157839.09,18
OC001129,2025-09-14,2025-09-01,PROV012,PROD021,1443.89,44.23,63863.25,50
OC001130,2025-09-09,2025-09-01,PROV002,PROD013,305.09,180.31,55010.78,4
OC001131,2025-10-18,2025-10-01,PROV005,PROD001,8181.74,20.91,171080.18,55
OC001132,2025-10-04,2025-10-01,PROV009,PROD012,462.5,287.91,133158.38,18
OC001133,2025-10-08,2025-10-01,PROV004,PROD004,11849.1,24.03,284733.87,17
OC001134,2025-10-10,2025-10-01,PROV004,PROD001,6207.25,23.23,144194.42,8
OC001135,2025-10-18,2025-10-01,PROV003,PROD019,883.9,32.29,28541.13,14
OC001136,2025-10-08,2025-10-01,PROV002,PROD013,727.45,190.59,138644.7,4
OC001137,2025-10-21,2025-10-01,PROV006,PROD001,9877.51,20.7,204464.46,22
OC001138,2025-10-23,2025-10-01,PROV001,PROD019,2128.0,31.67,67393.76,5
OC001139,2025-10-21,2025-10-01,PROV004,PROD020,1707.86,28.07,47939.63,21
OC001140,2025-10-11,2025-10-01,PROV003,PROD009,2355.26,260.83,614322.47,6
OC001141,2025-10-17,2025-10-01,PROV002,PROD006,11400.35,20.26,230971.09,7
OC001142,2025-10-18,2025-10-01,PROV002,PROD024,909.14,30.66,27874.23,24
OC001143,2025-10-03,2025-10-01,PROV003,PROD002,13792.45,21.98,303158.05,9
OC001144,2025-10-06,2025-10-01,PROV008,PROD015,393.03,243.38,95655.64,7
OC001145,2025-10-21,2025-10-01,PROV008,PROD012,693.35,315.64,218848.99,25
OC001146,2025-10-20,2025-10-01,PROV008,PROD021,2158.73,43.02,92868.56,7
OC001147,2025-10-24,2025-10-01,PROV010,PROD010,1512.14,243.23,367797.81,14
OC001148,2025-10-06,2025-10-01,PROV010,PROD006,10888.28,19.94,217112.3,8
OC001149,2025-10-15,2025-10-01,PROV004,PROD012,415.69,298.37,124029.43,6
OC001150,2025-10-03,2025-10-01,PROV006,PROD002,19518.53,22.42,437605.44,5
OC001151,2025-10-24,2025-10-01,PROV008,PROD004,17888.17,25.3,452570.7,6
OC001152,2025-10-04,2025-10-01,PROV005,PROD023,1025.08,31.66,32454.03,58
OC001153,2025-10-24,2025-10-01,PROV003,PROD025,250.28,17.12,4284.79,10
OC001154,2025-10-18,2025-10-01,PROV002,PROD024,1517.01,31.1,47179.01,23
OC001155,2025-10-19,2025-10-01,PROV004,PROD003,19125.69,24.57,469918.2,11
OC001156,2025-10-10,2025-10-01,PROV005,PROD024,1687.06,33.44,56415.29,42
OC001157,2025-10-24,2025-10-01,PROV002,PROD022,2467.14,39.11,96489.85,6
OC001158,2025-10-16,2025-10-01,PROV010,PROD013,751.44,191.77,144103.65,5
OC001159,2025-10-12,2025-10-01,PROV008,PROD011,998.61,287.22,286820.76,10
OC001160,2025-11-04,2025-11-01,PROV001,PROD003,5961.46,24.76,147605.75,24
OC001161,2025-11-10,2025-11-01,PROV002,PROD011,843.42,284.62,240054.2,21
OC001162,2025-11-18,2025-11-01,PROV010,PROD024,1110.66,31.62,35119.07,23
OC001163,2025-11-15,2025-11-01,PROV008,PROD019,700.04,31.3,21911.25,13
OC001164,2025-11-08,2025-11-01,PROV012,PROD001,12272.72,21.37,262268.03,37
OC001165,2025-11-12,2025-11-01,PROV002,PROD010,1369.64,250.4,342957.86,20
OC001166,2025-11-15,2025-11-01,PROV005,PROD004,12866.02,23.77,305825.3,56
OC001167,2025-11-01,2025-11-01,PROV002,PROD020,427.71,26.42,11300.1,13
OC001168,2025-11-09,2025-11-01,PROV006,PROD006,5672.53,18.98,107664.62,21
OC001169,2025-11-05,2025-11-01,PROV008,PROD015,1227.75,226.99,278686.97,26
OC001170,2025-11-18,2025-11-01,PROV012,PROD010,2891.68,237.67,687265.59,56
OC001171,2025-11-02,2025-11-01,PROV012,PROD015,1379.25,221.07,304910.8,51
OC001172,2025-11-20,2025-11-01,PROV003,PROD011,2181.05,302.97,660792.72,15
OC001173,2025-11-10,2025-11-01,PROV001,PROD010,3174.39,244.71,776804.98,28
OC001174,2025-11-07,2025-11-01,PROV001,PROD022,2232.24,39.98,89244.96,9
OC001175,2025-11-17,2025-11-01,PROV012,PROD021,1622.78,42.35,68724.73,68
OC001176,2025-11-14,2025-11-01,PROV006,PROD001,14812.31,22.33,330758.88,20
OC001177,2025-11-20,2025-11-01,PROV002,PROD025,315.47,18.33,5782.57,8
OC001178,2025-11-22,2025-11-01,PROV012,PROD014,408.36,190.59,77829.33,54
OC001179,2025-11-11,2025-11-01,PROV003,PROD016,383.1,254.24,97399.34,12
OC001180,2025-11-15,2025-11-01,PROV011,PROD011,2122.63,301.57,640121.53,18
OC001181,2025-11-08,2025-11-01,PROV002,PROD010,2043.33,224.17,458053.29,4
OC001182,2025-11-07,2025-11-01,PROV004,PROD007,4498.14,26.29,118256.1,24
OC001183,2025-11-01,2025-11-01,PROV005,PROD015,1195.2,214.24,256059.65,52
OC001184,2025-11-17,2025-11-01,PROV006,PROD001,22976.94,22.65,520427.69,20
OC001185,2025-11-09,2025-11-01,PROV009,PROD019,718.56,33.09,23777.15,26
OC001186,2025-11-21,2025-11-01,PROV008,PROD013,951.99,170.68,162485.65,14
OC001187,2025-11-17,2025-11-01,PROV002,PROD015,1062.34,239.46,254387.94,12
OC001188,2025-11-04,2025-11-01,PROV007,PROD006,5922.05,19.85,117552.69,27
OC001189,2025-11-19,2025-11-01,PROV010,PROD010,2006.2,237.63,476733.31,7
OC001190,2025-11-08,2025-11-01,PROV007,PROD016,455.66,251.58,114634.94,8
OC001191,2025-11-05,2025-11-01,PROV002,PROD002,8603.25,19.58,168451.63,27
OC001192,2025-12-22,2025-12-01,PROV004,PROD028,28.48,33.88,964.9,13
OC001193,2025-12-12,2025-12-01,PROV003,PROD019,605.95,30.16,18275.45,20
OC001194,2025-12-21,2025-12-01,PROV005,PROD012,931.49,289.62,269778.13,51
OC001195,2025-12-12,2025-12-01,PROV009,PROD015,511.19,237.51,121412.74,24
OC001196,2025-12-24,2025-12-01,PROV010,PROD001,16784.8,22.35,375140.28,17
OC001197,2025-12-16,2025-12-01,PROV012,PROD008,7685.07,21.64,166304.91,44
OC001198,2025-12-14,2025-12-01,PROV006,PROD002,16781.33,22.28,373888.03,25
OC001199,2025-12-08,2025-12-01,PROV010,PROD022,609.83,40.83,24899.36,22
OC001200,2025-12-13,2025-12-01,PROV007,PROD014,349.85,198.03,69280.8,18
OC001201,2025-12-16,2025-12-01,PROV003,PROD021,434.05,40.75,17687.54,16
OC001202,2025-12-17,2025-12-01,PROV006,PROD002,16017.64,21.86,350145.61,16
OC001203,2025-12-16,2025-12-01,PROV010,PROD012,920.88,298.38,274772.17,26
OC001204,2025-12-08,2025-12-01,PROV007,PROD008,4371.25,22.04,96342.35,4
OC001205,2025-12-15,2025-12-01,PROV006,PROD009,2120.63,251.64,533635.33,22
OC001206,2025-12-21,2025-12-01,PROV012,PROD018,155.36,368.74,57287.45,49
OC001207,2025-12-18,2025-12-01,PROV010,PROD001,5856.65,23.1,135288.61,20
OC001208,2025-12-02,2025-12-01,PROV010,PROD009,2521.08,244.73,616983.91,10
OC001209,2025-12-24,2025-12-01,PROV011,PROD011,1004.17,264.31,265412.17,7
OC001210,2025-12-10,2025-12-01,PROV009,PROD018,181.0,364.13,65907.53,20
OC001211,2025-12-13,2025-12-01,PROV005,PROD010,2589.91,250.79,649523.53,56
OC001212,2025-12-10,2025-12-01,PROV012,PROD011,812.18,271.99,220904.84,41
OC001213,2025-12-19,2025-12-01,PROV010,PROD020,297.96,29.62,8825.58,18
OC001214,2025-12-06,2025-12-01,PROV006,PROD009,3031.47,238.99,724491.02,22
OC001215,2025-12-13,2025-12-01,PROV002,PROD010,1705.18,231.45,394663.91,25
OC001216,2025-12-03,2025-12-01,PROV009,PROD013,306.8,186.88,57334.78,4
OC001217,2025-12-05,2025-12-01,PROV012,PROD009,2902.52,239.89,696285.52,66
OC001218,2025-12-17,2025-12-01,PROV001,PROD001,17473.74,23.93,418146.6,16
OC001219,2025-12-16,2025-12-01,PROV012,PROD006,5716.7,18.18,103929.61,35
OC001220,2025-12-09,2025-12-01,PROV006,PROD011,1018.65,286.67,292016.4,4
OC001221,2025-12-10,2025-12-01,PROV004,PROD026,126.11,21.26,2681.1,13
OC001222,2025-12-14,2025-12-01,PROV009,PROD018,91.54,362.67,33198.81,13
OC001223,2025-12-19,2025-12-01,PROV002,PROD026,87.15,20.82,1814.46,22
OC001224,2025-12-07,2025-12-01,PROV008,PROD016,292.89,290.39,85052.33,10
